label,hand,x0,y0,z0,x1,y1,z1,x2,y2,z2,x3,y3,z3,x4,y4,z4,x5,y5,z5,x6,y6,z6,x7,y7,z7,x8,y8,z8,x9,y9,z9,x10,y10,z10,x11,y11,z11,x12,y12,z12,x13,y13,z13,x14,y14,z14,x15,y15,z15,x16,y16,z16,x17,y17,z17,x18,y18,z18,x19,y19,z19,x20,y20,z20
A,Left,0.11091764271259308,0.4915459156036377,-3.408069915167289e-07,0.17254957556724548,0.44715118408203125,-0.029784442856907845,0.22542743384838104,0.3304905891418457,-0.03606962785124779,0.2512091100215912,0.22798877954483032,-0.040196701884269714,0.25615161657333374,0.14823909103870392,-0.03665090724825859,0.2059231400489807,0.21510252356529236,-0.004445634316653013,0.21460679173469543,0.1456097513437271,-0.03454143926501274,0.19964401423931122,0.23805184662342072,-0.04668371006846428,0.18990471959114075,0.2570190131664276,-0.050100117921829224,0.15953391790390015,0.2031591832637787,-0.00017106995801441371,0.16036686301231384,0.1538749635219574,-0.0332571342587471,0.156337708234787,0.26914873719215393,-0.036162279546260834,0.15531961619853973,0.2726579010486603,-0.029452456161379814,0.11420874297618866,0.20687776803970337,-0.0029095285572111607,0.11024382710456848,0.16137081384658813,-0.03839319571852684,0.1157531887292862,0.2737399935722351,-0.02496700920164585,0.12034555524587631,0.2884596586227417,-0.006121449172496796,0.06982380896806717,0.2150031328201294,-0.008099420927464962,0.06859034299850464,0.1796504408121109,-0.02703317627310753,0.0778273493051529,0.2564665675163269,-0.013728407211601734,0.08366493880748749,0.2775712311267853,0.0027502020820975304
A,Left,0.19320613145828247,0.43580108880996704,-3.702168100971903e-07,0.2522837519645691,0.3991546928882599,-0.023341255262494087,0.30059313774108887,0.28785184025764465,-0.02740444615483284,0.3268364369869232,0.1911042332649231,-0.030550656840205193,0.34073084592819214,0.12075750529766083,-0.02671942301094532,0.2867886424064636,0.18595272302627563,0.0004276914114598185,0.29734331369400024,0.11817505210638046,-0.027098439633846283,0.2827671468257904,0.20467732846736908,-0.037485163658857346,0.27276498079299927,0.22502708435058594,-0.0398695282638073,0.24483036994934082,0.17478477954864502,0.0024048248305916786,0.2473297119140625,0.12322556972503662,-0.02695157751441002,0.24184159934520721,0.23278728127479553,-0.02838660031557083,0.23980297148227692,0.23680062592029572,-0.021420033648610115,0.20337457954883575,0.17762801051139832,-0.001959200482815504,0.20257434248924255,0.1271378993988037,-0.033587969839572906,0.20499186217784882,0.23377390205860138,-0.018942492082715034,0.20702621340751648,0.24628481268882751,-0.0003858367563225329,0.1618882417678833,0.1844211220741272,-0.008371014147996902,0.1635890156030655,0.14694300293922424,-0.02496483363211155,0.17087145149707794,0.22119978070259094,-0.010843541473150253,0.17432501912117004,0.2404477298259735,0.005402031354606152
A,Left,0.18464395403862,0.6806938648223877,-3.4105178770005296e-07,0.23879630863666534,0.652284562587738,-0.02280024252831936,0.2826404273509979,0.539831817150116,-0.02621159702539444,0.3046413064002991,0.4448692798614502,-0.027882054448127747,0.31651806831359863,0.3794422745704651,-0.023470677435398102,0.2649978995323181,0.45064064860343933,-0.004276640247553587,0.275229275226593,0.397996187210083,-0.028328359127044678,0.26294970512390137,0.4814330041408539,-0.03617081046104431,0.25194990634918213,0.49790748953819275,-0.03776586428284645,0.2258681058883667,0.44343632459640503,-0.0015780410030856729,0.23167993128299713,0.4064304828643799,-0.026561427861452103,0.22861573100090027,0.5081931352615356,-0.025655310600996017,0.22436578571796417,0.5079625248908997,-0.018595613539218903,0.18753767013549805,0.45036566257476807,-0.004793081898242235,0.1901780366897583,0.4199960231781006,-0.03250538185238838,0.19401027262210846,0.5129178762435913,-0.019625794142484665,0.19186000525951385,0.515848696231842,-0.003985442686825991,0.1506960690021515,0.46117842197418213,-0.009832882322371006,0.15703776478767395,0.43876931071281433,-0.023876089602708817,0.16274960339069366,0.5040676593780518,-0.011613096110522747,0.15994176268577576,0.5143017768859863,0.001789195230230689
A,Left,0.11051912605762482,0.680638313293457,-2.414077755474864e-07,0.15630321204662323,0.6474380493164062,-0.027531025931239128,0.1908109486103058,0.550563395023346,-0.03467356041073799,0.20529600977897644,0.4597863554954529,-0.038802918046712875,0.20665791630744934,0.39397138357162476,-0.03817276284098625,0.1633966565132141,0.45435917377471924,-0.011126956902444363,0.16467684507369995,0.4209321141242981,-0.03320598974823952,0.15856868028640747,0.4924421012401581,-0.04133191332221031,0.1502229869365692,0.5093342065811157,-0.04352940246462822,0.12603364884853363,0.4504285752773285,-0.005022643133997917,0.12038058042526245,0.44078537821769714,-0.027472103014588356,0.1254487931728363,0.5268946290016174,-0.02799445576965809,0.12559357285499573,0.527133584022522,-0.022929636761546135,0.08991125971078873,0.46338897943496704,-0.004416066687554121,0.08041387796401978,0.45486998558044434,-0.030454764142632484,0.09371927380561829,0.5329365730285645,-0.022117147222161293,0.09964573383331299,0.5397141575813293,-0.010246877558529377,0.05538979917764664,0.48166632652282715,-0.005864138714969158,0.04801960289478302,0.4723343253135681,-0.021860865876078606,0.062345344573259354,0.527177095413208,-0.015046601183712482,0.07137332856655121,0.5409694314002991,-0.005225042346864939
A,Left,0.2922244966030121,0.38725870847702026,-3.6564978245223756e-07,0.34793779253959656,0.36147886514663696,-0.016310840845108032,0.39817601442337036,0.2636311650276184,-0.017253531143069267,0.42404279112815857,0.18264654278755188,-0.017947636544704437,0.4368293285369873,0.12412940710783005,-0.012599118985235691,0.38666626811027527,0.1798226237297058,0.00040532200364395976,0.40323102474212646,0.12139338999986649,-0.022173307836055756,0.3855310082435608,0.19925956428050995,-0.029898211359977722,0.37476804852485657,0.2145988643169403,-0.031713321805000305,0.3515578508377075,0.16597329080104828,8.327110663230997e-06,0.36138829588890076,0.1216982826590538,-0.023254765197634697,0.3494110405445099,0.21779093146324158,-0.02337087132036686,0.344370037317276,0.21890418231487274,-0.017681915313005447,0.31501415371894836,0.16489416360855103,-0.005282963626086712,0.3233182728290558,0.11984746158123016,-0.030656661838293076,0.31804418563842773,0.21451035141944885,-0.01660262979567051,0.31549692153930664,0.2226194143295288,-0.0008930652402341366,0.27730056643486023,0.165965735912323,-0.011998315341770649,0.28457391262054443,0.1379776895046234,-0.024823792278766632,0.2873591184616089,0.2032071053981781,-0.011302047409117222,0.28734758496284485,0.21609777212142944,0.0027340531814843416
A,Left,0.4110356867313385,0.3554251194000244,-3.3846518476821075e-07,0.467499315738678,0.3306524157524109,-0.00893538910895586,0.5120537281036377,0.23971423506736755,-0.007916676811873913,0.5368387699127197,0.16724760830402374,-0.009000222198665142,0.553250253200531,0.11360667645931244,-0.005947277881205082,0.5063847303390503,0.16122743487358093,0.00724504329264164,0.5272748470306396,0.10905792564153671,-0.014844095334410667,0.513011634349823,0.17717428505420685,-0.023269683122634888,0.5000280737876892,0.20178112387657166,-0.024288948625326157,0.4747186005115509,0.14540919661521912,0.0032202277798205614,0.491996169090271,0.10308969765901566,-0.019914228469133377,0.47881054878234863,0.18922802805900574,-0.021775759756565094,0.46770450472831726,0.20429810881614685,-0.016342420130968094,0.4398978054523468,0.14046266674995422,-0.005192653741687536,0.4575383961200714,0.09982722997665405,-0.031554434448480606,0.4495086967945099,0.18839816749095917,-0.02112351916730404,0.43968600034713745,0.207023486495018,-0.0064295814372599125,0.401839017868042,0.1404748558998108,-0.014155680313706398,0.4223988950252533,0.1130332350730896,-0.029045043513178825,0.4218662977218628,0.1754591017961502,-0.017656007781624794,0.41415417194366455,0.1931205838918686,-0.0041779400780797005
A,Left,0.41198718547821045,0.6723203063011169,-2.976989037506428e-07,0.4566648304462433,0.6532297730445862,-0.013608437031507492,0.4962804317474365,0.5736593008041382,-0.016521334648132324,0.5177255868911743,0.5120531320571899,-0.018779270350933075,0.5332028865814209,0.46483114361763,-0.01756376028060913,0.4797889292240143,0.4718410074710846,-0.0037659835070371628,0.5079826712608337,0.4797114133834839,-0.021332530304789543,0.49431681632995605,0.5389252305030823,-0.028034757822752,0.478330135345459,0.553088366985321,-0.030302803963422775,0.45074987411499023,0.45715612173080444,-0.004919673316180706,0.4759826958179474,0.4842287600040436,-0.023335453122854233,0.46340975165367126,0.5558260679244995,-0.02482292614877224,0.45043623447418213,0.561352014541626,-0.021405110135674477,0.42056167125701904,0.4633501172065735,-0.009592094458639622,0.44481948018074036,0.4910375773906708,-0.031073858961462975,0.43865856528282166,0.5611236095428467,-0.02441771887242794,0.4283946454524994,0.5674914121627808,-0.01478621456772089,0.3911421000957489,0.47917306423187256,-0.015268728137016296,0.41452503204345703,0.49728959798812866,-0.027964549139142036,0.41613638401031494,0.5492179989814758,-0.0208298210054636,0.409567654132843,0.5561214685440063,-0.01174328662455082
A,Left,0.29806581139564514,0.7041889429092407,-2.661526536940073e-07,0.34364616870880127,0.6880929470062256,-0.016533078625798225,0.37849774956703186,0.6049147844314575,-0.018212297931313515,0.39514440298080444,0.5351353287696838,-0.018236257135868073,0.4053671956062317,0.48440444469451904,-0.014571857638657093,0.3616856634616852,0.5181216597557068,-0.003035726258531213,0.37272903323173523,0.5100444555282593,-0.020175069570541382,0.36293911933898926,0.5697833299636841,-0.02740657515823841,0.3522796630859375,0.5826319456100464,-0.03024124726653099,0.33179712295532227,0.5069975256919861,-0.001084491959773004,0.3396326005458832,0.5112094879150391,-0.018796956166625023,0.33526796102523804,0.5826322436332703,-0.02034476213157177,0.3287702202796936,0.5874988436698914,-0.017377423122525215,0.3012416362762451,0.512559175491333,-0.003182527143508196,0.3071480691432953,0.5176835060119629,-0.02261611819267273,0.3086746335029602,0.5843614339828491,-0.015618067234754562,0.3050061762332916,0.5887182950973511,-0.006633056793361902,0.2719765305519104,0.525897741317749,-0.0066315955482423306,0.279272198677063,0.5319910049438477,-0.01767447218298912,0.28493010997772217,0.5795530080795288,-0.01144840382039547,0.2838873267173767,0.5841154456138611,-0.003829512745141983
A,Left,0.5687385201454163,0.47134238481521606,-2.585943263966328e-07,0.6161069273948669,0.4625980257987976,-0.0075309742242097855,0.6590894460678101,0.40591567754745483,-0.008253616280853748,0.687691330909729,0.35761862993240356,-0.011021404527127743,0.7104482054710388,0.32330745458602905,-0.01074974611401558,0.6555047631263733,0.33337366580963135,0.006927075795829296,0.6843169331550598,0.3185022473335266,-0.008850653655827045,0.6659300327301025,0.36845508217811584,-0.014767462387681007,0.651804506778717,0.37578055262565613,-0.016340244561433792,0.6360055208206177,0.3140825033187866,0.0032107604201883078,0.6634342074394226,0.3062436580657959,-0.013209663331508636,0.6430253982543945,0.36749592423439026,-0.014223451726138592,0.6288236379623413,0.36833295226097107,-0.0110153304412961,0.6123718619346619,0.3018464148044586,-0.004114375449717045,0.6404669284820557,0.289292573928833,-0.023660633713006973,0.6235862970352173,0.3511614203453064,-0.015247921459376812,0.6084065437316895,0.3557288348674774,-0.0046952529810369015,0.5840368866920471,0.29216623306274414,-0.011957108974456787,0.6135409474372864,0.283491313457489,-0.02281639166176319,0.6059474349021912,0.3301822543144226,-0.013361678458750248,0.5924956202507019,0.33784613013267517,-0.0032883547246456146
A,Left,0.5693597197532654,0.6626900434494019,-2.2752509210022254e-07,0.6093418002128601,0.663188099861145,-0.00930615235120058,0.6516929268836975,0.6219883561134338,-0.011451669037342072,0.6799942851066589,0.5812354683876038,-0.014047123491764069,0.6964081525802612,0.5400357246398926,-0.013589355163276196,0.6510042548179626,0.5365912318229675,0.0017990069463849068,0.6771461367607117,0.5469381809234619,-0.012319887056946754,0.6572108268737793,0.591274082660675,-0.01779709942638874,0.6415272951126099,0.5935362577438354,-0.019596993923187256,0.6329413652420044,0.5141952633857727,-0.00023433798924088478,0.657382071018219,0.5331266522407532,-0.014092598110437393,0.6373662948608398,0.5851626992225647,-0.014866814017295837,0.6238179802894592,0.581182062625885,-0.01254203636199236,0.6099703311920166,0.5023946166038513,-0.005317730363458395,0.6360830068588257,0.5113133192062378,-0.022184425964951515,0.6205487847328186,0.5671223402023315,-0.014741946943104267,0.6065402030944824,0.5684530138969421,-0.006109063979238272,0.5830943584442139,0.49690380692481995,-0.011046351864933968,0.6109012365341187,0.5066431760787964,-0.021374180912971497,0.6035710573196411,0.5499494075775146,-0.013383536599576473,0.5914267301559448,0.5540520548820496,-0.004644547589123249
A,Right,0.8921773433685303,0.41917186975479126,-3.8720787642887444e-07,0.842927873134613,0.3765038251876831,-0.018370021134614944,0.8052905201911926,0.29452359676361084,-0.023661121726036072,0.7892614603042603,0.2094910740852356,-0.030005307868123055,0.7899714708328247,0.14602096378803253,-0.030917027965188026,0.8282837271690369,0.20673149824142456,0.013516725972294807,0.8320037126541138,0.14340949058532715,-0.009842129424214363,0.8389593958854675,0.20944702625274658,-0.0226601492613554,0.8399684429168701,0.24664731323719025,-0.027339166030287743,0.861585259437561,0.20235352218151093,0.013005401007831097,0.8666296005249023,0.13742569088935852,-0.012602167204022408,0.8685341477394104,0.22232908010482788,-0.019406283274292946,0.8641483783721924,0.2507934272289276,-0.0165666826069355,0.8927335143089294,0.2110041379928589,0.006456347648054361,0.9022899866104126,0.1516413688659668,-0.020547522231936455,0.8985074162483215,0.228263258934021,-0.014222136698663235,0.8910824060440063,0.25992169976234436,-0.0015155799919739366,0.9232866764068604,0.22902072966098785,-0.0018521628808230162,0.9316017031669617,0.17718258500099182,-0.015415380708873272,0.9249640107154846,0.22594429552555084,-0.007464926689863205,0.9165671467781067,0.25178343057632446,0.0032752498518675566
A,Right,0.8945615291595459,0.6040667295455933,-3.7827686583113973e-07,0.8499942421913147,0.5640808939933777,-0.019399592652916908,0.8159500956535339,0.47538360953330994,-0.024159759283065796,0.8044596314430237,0.39033302664756775,-0.029057251289486885,0.8098809719085693,0.33115363121032715,-0.028704771772027016,0.840678334236145,0.3993838131427765,0.007684926502406597,0.8476890325546265,0.3439941704273224,-0.014766241423785686,0.8550644516944885,0.40953388810157776,-0.02506471425294876,0.8554084897041321,0.4368225336074829,-0.028452463448047638,0.8724283576011658,0.4000259041786194,0.008000476285815239,0.8806465268135071,0.3431878387928009,-0.017547069117426872,0.8820981979370117,0.42412635684013367,-0.02231084369122982,0.8770194053649902,0.44477078318595886,-0.01816624030470848,0.9019433259963989,0.4099270701408386,0.0024369100574404,0.9130701422691345,0.36407774686813354,-0.024427684023976326,0.909156084060669,0.4347553849220276,-0.017992433160543442,0.90086829662323,0.4541950821876526,-0.005641626659780741,0.930279016494751,0.4264169931411743,-0.004902901593595743,0.9406985640525818,0.38617679476737976,-0.018245607614517212,0.933499276638031,0.4332025945186615,-0.010965850204229355,0.9234185218811035,0.452755868434906,-0.0012133795535191894
A,Right,0.8959875702857971,0.6925725936889648,-3.756607895866182e-07,0.8546462655067444,0.6500786542892456,-0.019901353865861893,0.8247009515762329,0.5612937211990356,-0.024660134688019753,0.8148549795150757,0.4770549237728119,-0.029438942670822144,0.8203983306884766,0.41947442293167114,-0.02871040068566799,0.850452184677124,0.49179181456565857,0.007885297760367393,0.8584915995597839,0.4376869797706604,-0.01363834086805582,0.8638303279876709,0.5040289759635925,-0.02273322269320488,0.8620215058326721,0.5278193950653076,-0.025515751913189888,0.8807024359703064,0.4957611858844757,0.00883741956204176,0.8895890712738037,0.44568657875061035,-0.015957187861204147,0.8884319067001343,0.5248470306396484,-0.02032785303890705,0.8806448578834534,0.5378611087799072,-0.016543740406632423,0.9082928895950317,0.5088310837745667,0.003847440704703331,0.9209583401679993,0.46536320447921753,-0.02287464775145054,0.9157800674438477,0.5342789888381958,-0.016491880640387535,0.905746340751648,0.5482271909713745,-0.0046887630596756935,0.9345521330833435,0.5278787016868591,-0.0029547156300395727,0.9483814239501953,0.49041837453842163,-0.017081279307603836,0.940686821937561,0.5359691381454468,-0.010761831887066364,0.9291843771934509,0.5524486899375916,-0.0018789578462019563
A,Right,0.7919427752494812,0.6906012296676636,-3.7518475437536836e-07,0.752690851688385,0.6526461243629456,-0.01641782745718956,0.7185724377632141,0.5669084787368774,-0.01990470476448536,0.7017796635627747,0.49120378494262695,-0.02412005513906479,0.7049065828323364,0.43647921085357666,-0.023367812857031822,0.7401210069656372,0.49784672260284424,0.00815616361796856,0.7353562116622925,0.44614773988723755,-0.011312493123114109,0.7432368993759155,0.5095698237419128,-0.019015397876501083,0.7466176748275757,0.5314986109733582,-0.02147885411977768,0.768584668636322,0.4953020513057709,0.007741454057395458,0.7650590538978577,0.4428263306617737,-0.014988099224865437,0.7686622738838196,0.5230903625488281,-0.01676091179251671,0.7700545191764832,0.5379681587219238,-0.011248163878917694,0.797173798084259,0.5059623122215271,0.001965138129889965,0.7994365692138672,0.45661768317222595,-0.022137902677059174,0.796604573726654,0.5286639332771301,-0.012547587975859642,0.7940954566001892,0.546464741230011,0.001124381204135716,0.8248327374458313,0.523861825466156,-0.005507354158908129,0.8277076482772827,0.48468735814094543,-0.01755238138139248,0.8206659555435181,0.5313743948936462,-0.009186763316392899,0.8163960576057434,0.5475277900695801,0.0008863950497470796
A,Right,0.7659637928009033,0.4331344962120056,-3.319431982617971e-07,0.7228588461875916,0.40766221284866333,-0.013935331255197525,0.6865825057029724,0.34214091300964355,-0.0181296244263649,0.6680363416671753,0.2752062678337097,-0.023534908890724182,0.6657670140266418,0.2215578407049179,-0.024718161672353745,0.7005293965339661,0.2700272500514984,0.00826149433851242,0.6928551197052002,0.21548226475715637,-0.01172642782330513,0.7037838697433472,0.2653043270111084,-0.021998347714543343,0.7100816965103149,0.29466378688812256,-0.02553466521203518,0.7272334098815918,0.2618512511253357,0.006807769648730755,0.7210748195648193,0.20612400770187378,-0.014161340892314911,0.730197548866272,0.2745431065559387,-0.017935754731297493,0.733405590057373,0.29946738481521606,-0.014387127012014389,0.7541509866714478,0.264186829328537,0.0004450769629329443,0.7528733015060425,0.21064621210098267,-0.02134844847023487,0.7555223107337952,0.2735559940338135,-0.014629505574703217,0.7549838423728943,0.3016541600227356,-0.003422078210860491,0.7816897034645081,0.2737129032611847,-0.007444125134497881,0.7827757000923157,0.22965872287750244,-0.019171064719557762,0.7785200476646423,0.27236661314964294,-0.012688933871686459,0.7738709449768066,0.29890701174736023,-0.004009746480733156
A,Right,0.7228090763092041,0.46718865633010864,-3.6525381119645317e-07,0.6741313934326172,0.4407208263874054,-0.012800822965800762,0.6365528106689453,0.36951664090156555,-0.015275168232619762,0.6195386052131653,0.29801493883132935,-0.019524654373526573,0.6181672215461731,0.24338611960411072,-0.019405733793973923,0.6516610980033875,0.29978320002555847,0.013023248873651028,0.6426141858100891,0.2461565136909485,-0.006874420214444399,0.6555331349372864,0.30377906560897827,-0.016667338088154793,0.662457287311554,0.3311314582824707,-0.01990751177072525,0.6789473295211792,0.28690749406814575,0.011107424274086952,0.6700996160507202,0.23262163996696472,-0.010404582135379314,0.6807323098182678,0.3060837984085083,-0.014014127664268017,0.6853723526000977,0.3266349136829376,-0.009919117204844952,0.7075657844543457,0.28567349910736084,0.004033418372273445,0.7024551630020142,0.23138350248336792,-0.017760103568434715,0.7069857120513916,0.30115410685539246,-0.008863093331456184,0.7091050148010254,0.3264823257923126,0.003992457874119282,0.7367535829544067,0.292192280292511,-0.004669171757996082,0.7332638502120972,0.25282004475593567,-0.014815233647823334,0.7306368350982666,0.2992262840270996,-0.0061580422334373,0.7299328446388245,0.3200366199016571,0.00398874469101429
A,Right,0.7032545804977417,0.7168559432029724,-3.9222393866111815e-07,0.6587383151054382,0.672939121723175,-0.015536260791122913,0.6250672340393066,0.5808979272842407,-0.017950251698493958,0.6115680932998657,0.5009394288063049,-0.02177935652434826,0.6143298745155334,0.4425264298915863,-0.02071502059698105,0.6491934657096863,0.5149710178375244,0.013087339699268341,0.6380789279937744,0.4696808457374573,-0.006439339369535446,0.6465703845024109,0.5353369116783142,-0.014439865946769714,0.6540225148200989,0.5520516037940979,-0.017105426639318466,0.6776729226112366,0.5118207931518555,0.012240301817655563,0.6680872440338135,0.4660319685935974,-0.01212993636727333,0.6715705394744873,0.5469017624855042,-0.014780784025788307,0.6783595681190491,0.5583786368370056,-0.009009392000734806,0.7060805559158325,0.5210174918174744,0.005740354303270578,0.7009840607643127,0.4779493510723114,-0.018856557086110115,0.6977313160896301,0.5521168112754822,-0.008963258005678654,0.7012573480606079,0.5660844445228577,0.0055580115877091885,0.7341670989990234,0.5360546112060547,-0.0026776972226798534,0.7292730808258057,0.5057364106178284,-0.01367472019046545,0.7199375629425049,0.5543039441108704,-0.004806863609701395,0.7197327613830566,0.5679460763931274,0.005819093901664019
A,Right,0.6650362610816956,0.706263542175293,-4.0413431179331383e-07,0.6158217787742615,0.6613844037055969,-0.013381004333496094,0.5806558728218079,0.5700007081031799,-0.016117678955197334,0.5659282803535461,0.4903353750705719,-0.021303197368979454,0.570182204246521,0.4296844005584717,-0.021956034004688263,0.6043022871017456,0.5045401453971863,0.01600533165037632,0.587061882019043,0.4528355896472931,-0.005846816580742598,0.5948323011398315,0.5110077857971191,-0.017360035330057144,0.6035850048065186,0.5405834317207336,-0.021339869126677513,0.6314456462860107,0.49922147393226624,0.013548660092055798,0.6155210137367249,0.45135200023651123,-0.00940708164125681,0.620134174823761,0.5251986980438232,-0.013542681001126766,0.628879725933075,0.5453412532806396,-0.009314662776887417,0.660365879535675,0.5067796111106873,0.0051909638568758965,0.648607611656189,0.45881733298301697,-0.016929639503359795,0.647486686706543,0.5272902846336365,-0.007339322008192539,0.6536426544189453,0.5495660305023193,0.006223984528332949,0.6892449855804443,0.5231759548187256,-0.0052778031677007675,0.6769627332687378,0.4872059226036072,-0.014293186366558075,0.6695935130119324,0.5318471789360046,-0.004596096463501453,0.672985851764679,0.5514681339263916,0.006269363686442375
A,Right,0.6552284955978394,0.4936069846153259,-4.01280885853339e-07,0.6049507856369019,0.4657255709171295,-0.010390294715762138,0.5690900087356567,0.39294493198394775,-0.010945785790681839,0.5529652237892151,0.32131391763687134,-0.014473134651780128,0.5502901673316956,0.2667856216430664,-0.01370899099856615,0.5808153748512268,0.32766252756118774,0.02062038518488407,0.5678340792655945,0.2670106589794159,0.0006583751528523862,0.5805652141571045,0.3260641396045685,-0.008710390888154507,0.5890911817550659,0.3552412986755371,-0.010740961879491806,0.6066001653671265,0.31447580456733704,0.017454007640480995,0.5945802927017212,0.256185919046402,-0.004753338173031807,0.6050993204116821,0.33073437213897705,-0.00884026288986206,0.6118519902229309,0.3509625196456909,-0.0036632888950407505,0.6343735456466675,0.31142234802246094,0.008721776306629181,0.6253236532211304,0.2583540081977844,-0.01360245794057846,0.6306899785995483,0.33121925592422485,-0.00462175952270627,0.6348797082901001,0.3552177846431732,0.009360077790915966,0.6634030342102051,0.31520891189575195,-0.0016021765768527985,0.6533518433570862,0.2734015882015228,-0.01031735073775053,0.6521993279457092,0.3239763081073761,0.00024514421238563955,0.6547399759292603,0.3460574746131897,0.012174153700470924
A,Right,0.6514279842376709,0.37810492515563965,-3.9055476008797996e-07,0.6039619445800781,0.3518618047237396,-0.010364392772316933,0.571064293384552,0.2803448438644409,-0.012422630563378334,0.5576047301292419,0.20866578817367554,-0.016908016055822372,0.5565772652626038,0.1547279953956604,-0.017698019742965698,0.5869491696357727,0.21243499219417572,0.01382430549710989,0.5770744681358337,0.15282383561134338,-0.0076825544238090515,0.587286651134491,0.21135547757148743,-0.01793023571372032,0.5951008796691895,0.24490202963352203,-0.020287511870265007,0.613555371761322,0.2034582495689392,0.010470779612660408,0.6037845611572266,0.14595726132392883,-0.012378064915537834,0.6121413111686707,0.21959561109542847,-0.016269080340862274,0.618720531463623,0.24348203837871552,-0.011183655820786953,0.6414980292320251,0.20294049382209778,0.0021279898937791586,0.634301483631134,0.15009351074695587,-0.021023212000727654,0.6382532119750977,0.22333285212516785,-0.011560657061636448,0.6419968605041504,0.24998655915260315,0.002798933070152998,0.6703916192054749,0.2093542367219925,-0.007561561651527882,0.6621659994125366,0.16790002584457397,-0.017838099971413612,0.6608883142471313,0.2188596874475479,-0.007347716484218836,0.6632534861564636,0.24157288670539856,0.004774005617946386
A,Right,0.5998519062995911,0.34853529930114746,-3.999907960405835e-07,0.5541696548461914,0.3339930772781372,-0.007798855192959309,0.52193284034729,0.26996123790740967,-0.00841481238603592,0.5097911357879639,0.20682287216186523,-0.011466081254184246,0.5071661472320557,0.15845099091529846,-0.01137644611299038,0.5310220122337341,0.20108264684677124,0.011524745263159275,0.5203373432159424,0.14201630651950836,-0.00804041512310505,0.531235933303833,0.19505707919597626,-0.01729348674416542,0.5411051511764526,0.2336457073688507,-0.01895017735660076,0.5564196109771729,0.18662884831428528,0.007512462791055441,0.5451853275299072,0.12769123911857605,-0.013600023463368416,0.5549236536026001,0.19937081634998322,-0.017255732789635658,0.564960777759552,0.23167860507965088,-0.011967375874519348,0.5838399529457092,0.18133586645126343,-0.0006589007098227739,0.5748851895332336,0.12857219576835632,-0.02204454317688942,0.5805449485778809,0.20113204419612885,-0.013667495921254158,0.5871003866195679,0.23398005962371826,-0.00022091236314736307,0.612801730632782,0.18357497453689575,-0.009780115447938442,0.6027501225471497,0.1427176594734192,-0.01998472772538662,0.602123498916626,0.1915433704853058,-0.010505389422178268,0.6054250597953796,0.2167559117078781,0.0009212123695760965
A,Right,0.5849130749702454,0.4971323013305664,-4.334148684392858e-07,0.5337275862693787,0.46815043687820435,-0.0016792933456599712,0.503332257270813,0.39694470167160034,0.0022263869177550077,0.4943033456802368,0.3332540690898895,0.002074053045362234,0.4892592132091522,0.28715449571609497,0.004480328876525164,0.5178403258323669,0.3317404091358185,0.022475600242614746,0.49958619475364685,0.2713039219379425,0.005713982041925192,0.5046722292900085,0.31319931149482727,-0.0028575854375958443,0.5152662396430969,0.35244742035865784,-0.004012062214314938,0.5419769287109375,0.31961143016815186,0.01620638370513916,0.5257775783538818,0.26055631041526794,-0.0029135672375559807,0.5326579809188843,0.32961025834083557,-0.006479420233517885,0.5443461537361145,0.3632245361804962,-0.0005441363900899887,0.5693313479423523,0.31766507029533386,0.005835915450006723,0.5564413666725159,0.2679896056652069,-0.013035221956670284,0.560512900352478,0.3382290303707123,-0.004736808128654957,0.569555401802063,0.36955639719963074,0.008584819734096527,0.5995123386383057,0.3245958983898163,-0.005310353823006153,0.5845600962638855,0.28258800506591797,-0.013300420716404915,0.5819841027259827,0.3308969736099243,-0.0028059864416718483,0.5876448154449463,0.35539332032203674,0.009290478192269802
A,Right,0.5868537425994873,0.727289617061615,-4.730634657335031e-07,0.5389472246170044,0.6893115639686584,-0.007773345336318016,0.5062708258628845,0.6008527278900146,-0.006132765673100948,0.4972173571586609,0.5403810143470764,-0.007027134764939547,0.5038105249404907,0.5092911124229431,-0.003795875469222665,0.5288801789283752,0.5157235264778137,0.015137054957449436,0.5017776489257812,0.48529666662216187,-0.004235235042870045,0.5087260603904724,0.5465695261955261,-0.011933057568967342,0.5202168226242065,0.5688290596008301,-0.013578911311924458,0.5550511479377747,0.5076012015342712,0.01043598260730505,0.5311951041221619,0.4855971932411194,-0.011757989414036274,0.5369501113891602,0.5651729106903076,-0.012091008014976978,0.5488651394844055,0.5763852596282959,-0.00448671355843544,0.5836794972419739,0.5145212411880493,0.0006800280534662306,0.562599241733551,0.5012595653533936,-0.021464575082063675,0.5638337135314941,0.577568769454956,-0.011297699995338917,0.5743110775947571,0.586084246635437,0.0029077022336423397,0.6121785640716553,0.5310245752334595,-0.010659990832209587,0.5924183130264282,0.5217990279197693,-0.020173465833067894,0.5856223106384277,0.5747624039649963,-0.010913556441664696,0.5917603969573975,0.585305392742157,4.141601311857812e-05
A,Right,0.5386217832565308,0.6495790481567383,-4.644198270398192e-07,0.49410688877105713,0.615318775177002,-0.0030669558327645063,0.46238943934440613,0.5276249647140503,-0.0004909432609565556,0.45198068022727966,0.4570896625518799,-0.0017809958662837744,0.44553130865097046,0.40379995107650757,-0.0006877223495393991,0.4770350456237793,0.4567949175834656,0.01881459914147854,0.45429736375808716,0.41177159547805786,0.0007804279448464513,0.4556150734424591,0.44899481534957886,-0.006520929280668497,0.4642779529094696,0.47356414794921875,-0.007470053620636463,0.5005894899368286,0.44551995396614075,0.011679081246256828,0.4747687876224518,0.41158628463745117,-0.010313400998711586,0.4805592894554138,0.487384170293808,-0.012106649577617645,0.49442192912101746,0.509939432144165,-0.005050423555076122,0.5282860398292542,0.4472050964832306,-1.1554462844287627e-06,0.5043249130249023,0.4215945601463318,-0.023570509627461433,0.5076060891151428,0.49532318115234375,-0.015021507628262043,0.519988477230072,0.5136749744415283,-0.0011549252085387707,0.5571965575218201,0.4589685797691345,-0.012415703386068344,0.5336036086082458,0.43883824348449707,-0.02435530722141266,0.5296469926834106,0.490371435880661,-0.01586468517780304,0.5388754606246948,0.5063713192939758,-0.005039732437580824
A,Right,0.581860363483429,0.4243852496147156,-3.890351081281551e-07,0.5378603339195251,0.40930745005607605,-0.016014516353607178,0.4979902505874634,0.3372540771961212,-0.019068101420998573,0.4766392409801483,0.2645875811576843,-0.022840255871415138,0.47357872128486633,0.2082870453596115,-0.02207896113395691,0.5103150606155396,0.2662689685821533,0.008470937609672546,0.49801111221313477,0.21843427419662476,-0.01075822114944458,0.5131199955940247,0.27890825271606445,-0.01820087619125843,0.5212996006011963,0.2990644574165344,-0.020266816020011902,0.5368776321411133,0.2520495057106018,0.008227823302149773,0.5253457427024841,0.2069401741027832,-0.014277582056820393,0.537574291229248,0.2823529541492462,-0.016078177839517593,0.5444064736366272,0.2953854501247406,-0.010140093974769115,0.5648248195648193,0.24912530183792114,0.0026663749013096094,0.5575478672981262,0.2076970934867859,-0.0203375406563282,0.5637065172195435,0.27951937913894653,-0.010284741409122944,0.5676679015159607,0.2938985228538513,0.0037919047754257917,0.5934777855873108,0.25207528471946716,-0.00471446244046092,0.5857665538787842,0.22359836101531982,-0.015206164680421352,0.5850495100021362,0.27364760637283325,-0.006221503019332886,0.5874195694923401,0.2868426442146301,0.004234137944877148
A,Left,0.33176904916763306,0.4528699517250061,-3.769555974031391e-07,0.3940553367137909,0.45885592699050903,-0.01769709400832653,0.4642334580421448,0.3820819854736328,-0.019703833386301994,0.5086227655410767,0.31379133462905884,-0.02264965884387493,0.5324342250823975,0.2584194540977478,-0.019764509052038193,0.4704648554325104,0.27870631217956543,0.0029231649823486805,0.5038924813270569,0.23097094893455505,-0.02494390681385994,0.477215051651001,0.2975103259086609,-0.0346081405878067,0.4609217643737793,0.30361106991767883,-0.03635890781879425,0.4368777573108673,0.24749942123889923,0.0003398856206331402,0.4637247323989868,0.21107016503810883,-0.03018406219780445,0.43443411588668823,0.30682045221328735,-0.03232548385858536,0.4246743321418762,0.30335333943367004,-0.025280699133872986,0.3980036973953247,0.22919654846191406,-0.008169963955879211,0.41838744282722473,0.20069453120231628,-0.04207800328731537,0.39762082695961,0.2960062623023987,-0.029498500749468803,0.3908858299255371,0.2975957691669464,-0.011768966913223267,0.3568950593471527,0.2137858271598816,-0.01800558716058731,0.3757486939430237,0.19525715708732605,-0.03621221333742142,0.36929601430892944,0.2640172839164734,-0.022889629006385803,0.36441531777381897,0.27339544892311096,-0.007370527368038893
A,Left,0.3819533586502075,0.5627783536911011,-3.1783457643541624e-07,0.43681788444519043,0.5653161406517029,-0.00989255029708147,0.4922926127910614,0.5097786784172058,-0.009994156658649445,0.5312169194221497,0.45856770873069763,-0.012160508893430233,0.5503020882606506,0.408361554145813,-0.011109796352684498,0.4925939738750458,0.4314253032207489,0.005454724654555321,0.5240634679794312,0.3869202136993408,-0.016124460846185684,0.5037509202957153,0.4401402175426483,-0.02583511918783188,0.48723769187927246,0.4605613946914673,-0.02787134423851967,0.4667522609233856,0.40629494190216064,0.0020833152811974287,0.4899495244026184,0.3728429973125458,-0.02034495770931244,0.4668934941291809,0.4441322386264801,-0.0232936330139637,0.45380932092666626,0.46005505323410034,-0.01894538104534149,0.43653014302253723,0.3884594738483429,-0.005659826099872589,0.45725831389427185,0.3583909273147583,-0.029473019763827324,0.439460426568985,0.42988845705986023,-0.02010487951338291,0.428400456905365,0.4474419951438904,-0.006734704133123159,0.4025329351425171,0.3728921711444855,-0.014338945969939232,0.42443782091140747,0.3505415916442871,-0.0269551333039999,0.4170747995376587,0.4037100672721863,-0.016049262136220932,0.4082620143890381,0.4223633110523224,-0.0035520640667527914
A,Left,0.4388822019100189,0.37117329239845276,-3.0944616469241737e-07,0.496543288230896,0.3809199333190918,-0.006947333924472332,0.554306149482727,0.3329717814922333,-0.006477035582065582,0.5944168567657471,0.28739258646965027,-0.009110602550208569,0.6192596554756165,0.2430945187807083,-0.008298144675791264,0.564216673374176,0.2601846158504486,0.008842717856168747,0.5962291955947876,0.20960427820682526,-0.014883678406476974,0.5733544230461121,0.2524528205394745,-0.02632400579750538,0.5553238987922668,0.2752048969268799,-0.028908422216773033,0.5381239652633667,0.2268444001674652,0.003804217092692852,0.56273353099823,0.18750596046447754,-0.021352192386984825,0.5348582863807678,0.2521580755710602,-0.026228483766317368,0.5219863653182983,0.26976922154426575,-0.02250679023563862,0.507664680480957,0.2001432329416275,-0.005420284811407328,0.5295367240905762,0.1608254611492157,-0.03119194507598877,0.5071433782577515,0.23122133314609528,-0.02210594341158867,0.49690258502960205,0.25249814987182617,-0.008213657885789871,0.47407612204551697,0.17585116624832153,-0.015355955809354782,0.49509263038635254,0.14875659346580505,-0.02872256189584732,0.4847305119037628,0.20042793452739716,-0.01760559156537056,0.4771173894405365,0.21979555487632751,-0.004506653640419245
A,Left,0.49980172514915466,0.5003236532211304,-3.079395582972211e-07,0.5548110604286194,0.5120027661323547,-0.007896870374679565,0.608026921749115,0.46679383516311646,-0.007440969347953796,0.6436260938644409,0.4208841323852539,-0.009585808031260967,0.6665471792221069,0.3780656158924103,-0.008522680029273033,0.6151167750358582,0.3875681459903717,0.009168952703475952,0.6489008665084839,0.35865598917007446,-0.009916547685861588,0.6270256042480469,0.40742868185043335,-0.018458951264619827,0.611461877822876,0.4185682535171509,-0.020544884726405144,0.5932532548904419,0.36023473739624023,0.004855810664594173,0.6237611770629883,0.3388800024986267,-0.014902903698384762,0.5961819887161255,0.40137672424316406,-0.01802957057952881,0.5801038146018982,0.4066621959209442,-0.014640465378761292,0.5667999982833862,0.33858567476272583,-0.0034957106690853834,0.595761775970459,0.31865769624710083,-0.02567310631275177,0.5719503164291382,0.38172316551208496,-0.01710348390042782,0.5556514263153076,0.3889186382293701,-0.004884207621216774,0.5357149243354797,0.31781548261642456,-0.012508745305240154,0.5643982291221619,0.3036029040813446,-0.024273812770843506,0.5535998344421387,0.3521832227706909,-0.013270799070596695,0.5400820374488831,0.3626961410045624,-0.0011146608740091324
B,Left,0.09128063172101974,0.7354124188423157,3.8494016507684137e-07,0.14653132855892181,0.671712338924408,-0.028043251484632492,0.18337756395339966,0.5586088299751282,-0.03560788929462433,0.18521712720394135,0.4533446729183197,-0.04174497351050377,0.1523924171924591,0.398017019033432,-0.04759105294942856,0.15742646157741547,0.40228402614593506,-0.007476252969354391,0.16451531648635864,0.28084394335746765,-0.02485201507806778,0.16166329383850098,0.20548710227012634,-0.043200597167015076,0.15771043300628662,0.1383931040763855,-0.057204633951187134,0.1171148493885994,0.387853741645813,-0.00832707155495882,0.12218027561903,0.24687495827674866,-0.02349395491182804,0.12275762856006622,0.15517231822013855,-0.0411134697496891,0.12382164597511292,0.07636043429374695,-0.054545532912015915,0.07873222231864929,0.40142446756362915,-0.01421021856367588,0.08221779763698578,0.2690503001213074,-0.030618812888860703,0.0873439684510231,0.18361258506774902,-0.04610860347747803,0.09309425950050354,0.11076891422271729,-0.05706150084733963,0.039356425404548645,0.43649235367774963,-0.023487480357289314,0.04135625809431076,0.33665287494659424,-0.039224933832883835,0.0469844713807106,0.2709265351295471,-0.04821968078613281,0.055389996618032455,0.2082282304763794,-0.05472041293978691
B,Left,0.2068021595478058,0.6775168776512146,2.3990224917724845e-07,0.2555173933506012,0.6280204057693481,-0.017438562586903572,0.28330180048942566,0.5354844331741333,-0.02071216329932213,0.2853047251701355,0.4558553099632263,-0.023983459919691086,0.26297056674957275,0.41283541917800903,-0.02768033929169178,0.2626033425331116,0.40506061911582947,-0.0026259548030793667,0.264252632856369,0.30656954646110535,-0.015799757093191147,0.26223352551460266,0.24536646902561188,-0.029876595363020897,0.25971102714538574,0.19005143642425537,-0.04105130583047867,0.23277272284030914,0.39393022656440735,-0.006194524001330137,0.2337513566017151,0.2790965437889099,-0.018572283908724785,0.23327571153640747,0.20278440415859222,-0.033384330570697784,0.23307374119758606,0.13678929209709167,-0.044684018939733505,0.20360635221004486,0.4068928360939026,-0.013318227604031563,0.20391643047332764,0.29602158069610596,-0.027457475662231445,0.2059001624584198,0.22673040628433228,-0.040716640651226044,0.2080361247062683,0.16612306237220764,-0.04990638419985771,0.17284323275089264,0.43925029039382935,-0.022618737071752548,0.17277902364730835,0.35552915930747986,-0.0369245670735836,0.17646092176437378,0.3012012243270874,-0.04522642120718956,0.18141236901283264,0.24943074584007263,-0.0510585717856884
B,Left,0.2824153006076813,0.6607673168182373,2.5160042582683673e-07,0.3321308493614197,0.6153217554092407,-0.01621049828827381,0.3618234097957611,0.5272436141967773,-0.019261812791228294,0.3670489192008972,0.44653749465942383,-0.022426435723900795,0.3521740138530731,0.39703497290611267,-0.026114029809832573,0.3389243483543396,0.38937094807624817,-0.0021963624749332666,0.3463557958602905,0.2884800434112549,-0.014389337040483952,0.3475097715854645,0.2268582433462143,-0.027374880388379097,0.34622618556022644,0.17155057191848755,-0.037565313279628754,0.31021788716316223,0.3799050450325012,-0.00620482349768281,0.3177308738231659,0.2616065740585327,-0.01777048595249653,0.320613294839859,0.18467475473880768,-0.03157757967710495,0.3212839961051941,0.11947020888328552,-0.041994377970695496,0.2816524803638458,0.39204519987106323,-0.013637159951031208,0.28768616914749146,0.27944210171699524,-0.02676668018102646,0.2935694456100464,0.20711420476436615,-0.03945235162973404,0.2981337606906891,0.14447838068008423,-0.04830017313361168,0.25097382068634033,0.42265433073043823,-0.02310342527925968,0.25418591499328613,0.33441677689552307,-0.03675755485892296,0.25902238488197327,0.2775072455406189,-0.04446656256914139,0.26432639360427856,0.22408096492290497,-0.04978024587035179
B,Left,0.34382563829421997,0.6816895008087158,2.949805377738812e-07,0.3918386995792389,0.6329370141029358,-0.017368871718645096,0.42307859659194946,0.5465051531791687,-0.022089771926403046,0.42878949642181396,0.4671853184700012,-0.026783617213368416,0.4105151891708374,0.4177345633506775,-0.03184813633561134,0.39707010984420776,0.41421470046043396,-0.004423158243298531,0.4039362967014313,0.3140806555747986,-0.01873178221285343,0.4050503969192505,0.24964399635791779,-0.03288692608475685,0.40472108125686646,0.19275709986686707,-0.04347964748740196,0.3692806661128998,0.40409743785858154,-0.008364422246813774,0.3763487935066223,0.287045955657959,-0.021439481526613235,0.3809267580509186,0.2074970304965973,-0.03557686507701874,0.38414424657821655,0.1405619978904724,-0.04588456079363823,0.3416610360145569,0.41498494148254395,-0.015784185379743576,0.3463497459888458,0.30412358045578003,-0.02984769083559513,0.3527063727378845,0.22966858744621277,-0.04225116968154907,0.35883504152297974,0.16558218002319336,-0.05066950246691704,0.31261560320854187,0.44374433159828186,-0.02537626400589943,0.3134092390537262,0.3602789044380188,-0.0396723598241806,0.3179294168949127,0.3034929633140564,-0.04717180132865906,0.32411518692970276,0.2502990961074829,-0.05203425511717796
B,Left,0.4995850920677185,0.6798322200775146,2.1452059684179403e-07,0.5485191345214844,0.6381855010986328,-0.016162563115358353,0.5828647613525391,0.5558323264122009,-0.022511903196573257,0.5956385731697083,0.4815513789653778,-0.02908819168806076,0.5783390998840332,0.43156424164772034,-0.03610143065452576,0.5622223019599915,0.42055657505989075,-0.008116266690194607,0.5682640671730042,0.3199116587638855,-0.023278087377548218,0.5694519877433777,0.25748729705810547,-0.03741349279880524,0.5695813894271851,0.20134040713310242,-0.04801579564809799,0.5364288091659546,0.41196542978286743,-0.012983475811779499,0.5412376523017883,0.2967122793197632,-0.026786115020513535,0.543857216835022,0.21999816596508026,-0.040564171969890594,0.5451573133468628,0.1535997986793518,-0.05083104968070984,0.5107144117355347,0.42493361234664917,-0.020803965628147125,0.5140320658683777,0.3153201937675476,-0.03470705822110176,0.5186509490013123,0.24488019943237305,-0.04503462091088295,0.5229051113128662,0.1821034550666809,-0.05218054726719856,0.4838394820690155,0.4548099935054779,-0.03070482611656189,0.4847489297389984,0.37151265144348145,-0.04421583563089371,0.4902820289134979,0.3151903748512268,-0.05066606029868126,0.49733278155326843,0.26190465688705444,-0.054922785609960556
B,Left,0.6567967534065247,0.6898931860923767,1.4976261297761084e-07,0.7064827680587769,0.6595358848571777,-0.010095225647091866,0.7404434680938721,0.5795800089836121,-0.01218504086136818,0.7575624585151672,0.5126760601997375,-0.015601925551891327,0.7501113414764404,0.4744185507297516,-0.019684959203004837,0.7231873273849487,0.4462563693523407,0.00045129077625460923,0.7304913401603699,0.3521883487701416,-0.010361574590206146,0.7324960231781006,0.29458487033843994,-0.02169015258550644,0.7326667308807373,0.24385760724544525,-0.03088446892797947,0.7007418870925903,0.43425503373146057,-0.006267394870519638,0.7067424058914185,0.32528218626976013,-0.016818564385175705,0.7102105021476746,0.2562633156776428,-0.028913171961903572,0.7111503481864929,0.1979168951511383,-0.03810679167509079,0.6774662733078003,0.4429613947868347,-0.01568286120891571,0.6816501021385193,0.3380470871925354,-0.027353443205356598,0.685815155506134,0.27268895506858826,-0.037317607551813126,0.6883647441864014,0.21532896161079407,-0.04448404163122177,0.6522216796875,0.4687674641609192,-0.026629367843270302,0.6533180475234985,0.38781240582466125,-0.03828020393848419,0.6581608057022095,0.3355376124382019,-0.04429461434483528,0.6639819145202637,0.28660839796066284,-0.04867534711956978
B,Left,0.36392852663993835,0.5623462796211243,2.3510516200531129e-07,0.4138421416282654,0.5177710056304932,-0.01719488762319088,0.4472891092300415,0.42662203311920166,-0.021118607372045517,0.4536968767642975,0.3453809916973114,-0.025000108405947685,0.4431350827217102,0.28365230560302734,-0.02863217145204544,0.4257679879665375,0.2920926511287689,-0.0010999127989634871,0.43516087532043457,0.19281816482543945,-0.01405694242566824,0.4370284974575043,0.13044489920139313,-0.027236944064497948,0.4366365075111389,0.07546427845954895,-0.03724563866853714,0.397997111082077,0.27933192253112793,-0.004177838563919067,0.4055250883102417,0.16539883613586426,-0.01598728634417057,0.4092513620853424,0.09149907529354095,-0.028908008709549904,0.41103872656822205,0.029114216566085815,-0.03833967074751854,0.3705321252346039,0.287823349237442,-0.010983261279761791,0.3766030967235565,0.17684294283390045,-0.024279801174998283,0.3822794258594513,0.10593444108963013,-0.03449820354580879,0.3865642547607422,0.043589115142822266,-0.04141673445701599,0.3416277766227722,0.3147985339164734,-0.0199810191988945,0.3459166884422302,0.2301655113697052,-0.033676501363515854,0.3517835736274719,0.17572517693042755,-0.039837006479501724,0.35774651169776917,0.12420974671840668,-0.043597262352705
B,Left,0.28957897424697876,0.6154295206069946,2.2840201552298822e-07,0.3371112644672394,0.5738241672515869,-0.020320842042565346,0.3640463948249817,0.4811025857925415,-0.024332040920853615,0.3631003499031067,0.39797040820121765,-0.027499094605445862,0.34191280603408813,0.35313913226127625,-0.030448883771896362,0.3379383683204651,0.34423717856407166,-0.003367289202287793,0.3395880460739136,0.24841181933879852,-0.014990948140621185,0.3372351825237274,0.18858586251735687,-0.02794157899916172,0.3341614603996277,0.13468116521835327,-0.03842661902308464,0.3100154995918274,0.33610647916793823,-0.004591394681483507,0.3090875446796417,0.22434797883033752,-0.015218468382954597,0.30791082978248596,0.1518487185239792,-0.02838100679218769,0.3065573275089264,0.08906278014183044,-0.03859701007604599,0.28383752703666687,0.3491634428501129,-0.009599660523235798,0.28308817744255066,0.24440889060497284,-0.022223172709345818,0.28456979990005493,0.1777438074350357,-0.03362370654940605,0.28515636920928955,0.11850208044052124,-0.041573356837034225,0.2570464611053467,0.3803275525569916,-0.01714778132736683,0.25795406103134155,0.2985474765300751,-0.029991377145051956,0.2606823444366455,0.24666836857795715,-0.03704462945461273,0.26311302185058594,0.19670818746089935,-0.04197879508137703
B,Left,0.18031087517738342,0.6145489811897278,2.8993747491767863e-07,0.21784448623657227,0.5744816660881042,-0.02553270384669304,0.2406180053949356,0.4932503402233124,-0.03346974775195122,0.2414727807044983,0.42034539580345154,-0.03946390748023987,0.22350603342056274,0.3703346848487854,-0.04515592008829117,0.22692137956619263,0.3663053512573242,-0.012605867348611355,0.22926545143127441,0.2704717516899109,-0.026421239599585533,0.22629934549331665,0.2108539640903473,-0.040762390941381454,0.22272950410842896,0.1562654823064804,-0.05198166146874428,0.19852010905742645,0.35514846444129944,-0.011777671985328197,0.20025591552257538,0.24604594707489014,-0.0238280538469553,0.19899395108222961,0.17513565719127655,-0.03876974433660507,0.1986367106437683,0.11361497640609741,-0.05053263157606125,0.17131905257701874,0.36664021015167236,-0.014736084267497063,0.17331263422966003,0.2631297707557678,-0.027382075786590576,0.1761525273323059,0.19924314320087433,-0.040404077619314194,0.17942464351654053,0.14612069725990295,-0.04998920485377312,0.1439364105463028,0.3960466980934143,-0.020610693842172623,0.14661522209644318,0.31657227873802185,-0.03319293633103371,0.1501726359128952,0.26612523198127747,-0.041004013270139694,0.1548127979040146,0.2192525863647461,-0.046840228140354156
B,Left,0.08131203800439835,0.6326659321784973,3.0415347396228753e-07,0.11821503192186356,0.5787288546562195,-0.029647912830114365,0.13855572044849396,0.49890533089637756,-0.040243905037641525,0.14019709825515747,0.43008989095687866,-0.04837537184357643,0.1248365268111229,0.38216733932495117,-0.05577284097671509,0.12110649049282074,0.37574297189712524,-0.013005492277443409,0.1196458637714386,0.2801389694213867,-0.02819409966468811,0.11321432888507843,0.22262510657310486,-0.04525207728147507,0.105423703789711,0.1699649691581726,-0.05817652493715286,0.09294306486845016,0.36839914321899414,-0.008846073411405087,0.0896741971373558,0.261649489402771,-0.022092318162322044,0.08390248566865921,0.19255898892879486,-0.03970916569232941,0.07793719321489334,0.12968295812606812,-0.05316094681620598,0.06666361540555954,0.3802272379398346,-0.008731026202440262,0.06242852658033371,0.2800048589706421,-0.021125975996255875,0.0593377985060215,0.2156713902950287,-0.03520980104804039,0.055143386125564575,0.1622607707977295,-0.045266102999448776,0.041594527661800385,0.40877866744995117,-0.011831477284431458,0.0393880195915699,0.33215567469596863,-0.022156227380037308,0.03790520504117012,0.2826839089393616,-0.029427390545606613,0.03621838986873627,0.23920485377311707,-0.03482840210199356
B,Left,0.3253500461578369,0.7890743017196655,2.4296127776324283e-07,0.3666923940181732,0.7452430725097656,-0.014776356518268585,0.3918537199497223,0.6616588234901428,-0.019460244104266167,0.39714863896369934,0.5893000364303589,-0.024125928059220314,0.3758135437965393,0.5559003353118896,-0.029332244768738747,0.3669571280479431,0.5379258394241333,-0.006731468718498945,0.36880940198898315,0.44612568616867065,-0.019716093316674232,0.3679242432117462,0.38689327239990234,-0.03218725696206093,0.3668014407157898,0.3345526456832886,-0.04202248901128769,0.3411615490913391,0.5323784351348877,-0.011223899200558662,0.34262821078300476,0.42684072256088257,-0.02295893244445324,0.3439306616783142,0.35661301016807556,-0.03507934510707855,0.3447769284248352,0.29683759808540344,-0.044427212327718735,0.3161029815673828,0.5471578240394592,-0.018483951687812805,0.3168278932571411,0.44674152135849,-0.030900973826646805,0.32027295231819153,0.3793957233428955,-0.04133910685777664,0.324177086353302,0.3198222219944,-0.04904021695256233,0.2905924916267395,0.5789815187454224,-0.02767403982579708,0.2895239591598511,0.5033148527145386,-0.04017866402864456,0.2930544912815094,0.451835572719574,-0.046697571873664856,0.29840460419654846,0.40226614475250244,-0.051507413387298584
B,Left,0.4686407744884491,0.8325432538986206,2.521151145629119e-07,0.5152618885040283,0.7894895076751709,-0.017747214064002037,0.547564685344696,0.706426739692688,-0.024833187460899353,0.5554289817810059,0.6327990293502808,-0.031714100390672684,0.5372864603996277,0.6027447581291199,-0.038922663778066635,0.5224945545196533,0.5802595019340515,-0.010334591381251812,0.5254676342010498,0.4842628836631775,-0.02472948282957077,0.525144100189209,0.4242408275604248,-0.03825646638870239,0.5243484377861023,0.36933985352516174,-0.048864711076021194,0.4958610534667969,0.5749391913414001,-0.014649907127022743,0.49837636947631836,0.46557557582855225,-0.02813362516462803,0.500048041343689,0.39267247915267944,-0.041687481105327606,0.5008063912391663,0.32737499475479126,-0.05200967565178871,0.4706229567527771,0.5903513431549072,-0.021820589900016785,0.4723935127258301,0.4872930645942688,-0.03557731211185455,0.47515490651130676,0.4192499816417694,-0.04661069065332413,0.47748062014579773,0.35642674565315247,-0.0544583797454834,0.4446945786476135,0.6218868494033813,-0.031178727746009827,0.4456114172935486,0.5432212948799133,-0.04430468752980232,0.4496924579143524,0.48981812596321106,-0.05118293687701225,0.45415258407592773,0.43756967782974243,-0.056156404316425323
B,Left,0.3641202449798584,0.8050970435142517,2.7594293783295143e-07,0.40756839513778687,0.7588419318199158,-0.016925599426031113,0.4324827790260315,0.6695573329925537,-0.021626802161335945,0.43970561027526855,0.5961137413978577,-0.026210932061076164,0.4232896566390991,0.5565546154975891,-0.030982207506895065,0.4048342704772949,0.5435401201248169,-0.006473667453974485,0.4068334996700287,0.4439924955368042,-0.020384803414344788,0.4065965712070465,0.3799845576286316,-0.03365260735154152,0.4053688645362854,0.324349582195282,-0.04363556578755379,0.3792036771774292,0.5387369394302368,-0.010005895979702473,0.38026437163352966,0.4254568815231323,-0.02257215790450573,0.3820416033267975,0.35036247968673706,-0.03526141867041588,0.38337433338165283,0.28707921504974365,-0.04466111958026886,0.3546701967716217,0.5531107783317566,-0.016813436523079872,0.35588958859443665,0.44801008701324463,-0.029615499079227448,0.36038294434547424,0.37817445397377014,-0.04006155580282211,0.36482712626457214,0.31738927960395813,-0.04746400564908981,0.3292236030101776,0.5839455723762512,-0.025888796895742416,0.33012163639068604,0.5053736567497253,-0.03837718442082405,0.3337627649307251,0.45250415802001953,-0.044639598578214645,0.3386121094226837,0.40167856216430664,-0.04905087873339653
B,Left,0.2624989449977875,0.7812597155570984,2.4423599143119645e-07,0.3052389919757843,0.7332897186279297,-0.017574643716216087,0.33055949211120605,0.6463702917098999,-0.02275002747774124,0.33413413166999817,0.5701484680175781,-0.02773123048245907,0.313467800617218,0.5277717113494873,-0.03297944366931915,0.30760329961776733,0.5157687067985535,-0.005591182038187981,0.3086502254009247,0.41772276163101196,-0.01931978203356266,0.30794209241867065,0.35661786794662476,-0.033107392489910126,0.3070155680179596,0.3032187819480896,-0.0434771366417408,0.2807607054710388,0.5089396238327026,-0.008733040653169155,0.2822461724281311,0.3976976275444031,-0.020620424300432205,0.282978892326355,0.32600581645965576,-0.03408843278884888,0.2837603986263275,0.26530805230140686,-0.04420498386025429,0.25502002239227295,0.5222839117050171,-0.015170863829553127,0.2561947703361511,0.41742151975631714,-0.027384938672184944,0.258901983499527,0.34849947690963745,-0.038554899394512177,0.26169124245643616,0.28845635056495667,-0.046503692865371704,0.2284383475780487,0.553171694278717,-0.023863252252340317,0.22893880307674408,0.47088611125946045,-0.03572407364845276,0.2321530282497406,0.41573965549468994,-0.042019072920084,0.2364693582057953,0.3629299998283386,-0.04644688963890076
B,Left,0.47448089718818665,0.7459524273872375,2.0947173595686763e-07,0.5200066566467285,0.7038338780403137,-0.0154762864112854,0.5482013821601868,0.6209515333175659,-0.021628249436616898,0.5578007102012634,0.5520890951156616,-0.0281431432813406,0.5419819355010986,0.5143792629241943,-0.03487103059887886,0.5267212986946106,0.49504509568214417,-0.006943667307496071,0.5280687212944031,0.4001694321632385,-0.020915713161230087,0.5270338654518127,0.34246402978897095,-0.03419975936412811,0.5256502628326416,0.290930837392807,-0.044443149119615555,0.5010626316070557,0.4894464313983917,-0.01175606157630682,0.5018617510795593,0.38025516271591187,-0.024709874764084816,0.5029929280281067,0.3095235228538513,-0.037561941891908646,0.5035863518714905,0.24873870611190796,-0.04718812182545662,0.476534366607666,0.503964364528656,-0.019569318741559982,0.4765421748161316,0.4006681442260742,-0.03233635798096657,0.47949138283729553,0.3339429497718811,-0.04222674295306206,0.48267820477485657,0.2741292715072632,-0.049312617629766464,0.4516589939594269,0.5344113111495972,-0.029506545513868332,0.45006120204925537,0.45649775862693787,-0.04181276634335518,0.45301562547683716,0.4024595022201538,-0.04825317859649658,0.4576726257801056,0.3498459458351135,-0.05290423333644867
B,Right,0.8745376467704773,0.7409342527389526,4.546762113477598e-07,0.8225519061088562,0.6960591077804565,-0.04283439740538597,0.7927374839782715,0.6052801012992859,-0.06367562711238861,0.7820781469345093,0.5099427700042725,-0.08051810413599014,0.7965625524520874,0.45123884081840515,-0.0958114042878151,0.8218145966529846,0.4461931586265564,-0.02246168442070484,0.8172463178634644,0.32538455724716187,-0.04555179551243782,0.8157957196235657,0.24971821904182434,-0.06877420097589493,0.8176905512809753,0.181738018989563,-0.08662506937980652,0.8574560284614563,0.4323447346687317,-0.016647567972540855,0.8523591756820679,0.29958632588386536,-0.03426525369286537,0.8506588935852051,0.21430733799934387,-0.05420876666903496,0.8481173515319824,0.13695427775382996,-0.07035477459430695,0.8909881711006165,0.4427717924118042,-0.01703042909502983,0.8890218138694763,0.3229774534702301,-0.03220968693494797,0.8878637552261353,0.2483150064945221,-0.04558524116873741,0.8849703073501587,0.18482357263565063,-0.05670944228768349,0.9274049997329712,0.47334372997283936,-0.02241072990000248,0.9270439743995667,0.3824549913406372,-0.03387672081589699,0.9244992136955261,0.3231807351112366,-0.04109488055109978,0.9202354550361633,0.2690664529800415,-0.04780371114611626
B,Right,0.733700156211853,0.7377750277519226,3.7631707527907565e-07,0.6738502979278564,0.6978071928024292,-0.02944938652217388,0.6320458054542542,0.6031084656715393,-0.044141657650470734,0.6120170950889587,0.5014252066612244,-0.057797279208898544,0.6290681958198547,0.4477304220199585,-0.07045801728963852,0.6612147092819214,0.4381358027458191,-0.008343477733433247,0.6509425640106201,0.3194819688796997,-0.028496211394667625,0.6445632576942444,0.24473623931407928,-0.04921697825193405,0.6426107883453369,0.17666113376617432,-0.06549083441495895,0.6961248517036438,0.4209759831428528,-0.009216349571943283,0.6835867762565613,0.2888663411140442,-0.024712739512324333,0.6769264340400696,0.20429664850234985,-0.041470736265182495,0.6712045669555664,0.12926441431045532,-0.05475293844938278,0.7305678725242615,0.42835533618927,-0.01564694754779339,0.7209497094154358,0.3062305450439453,-0.02954608015716076,0.7144194841384888,0.22780966758728027,-0.04075637832283974,0.7070757150650024,0.16128772497177124,-0.049829211086034775,0.7678375840187073,0.4566490352153778,-0.026148010045289993,0.7621128559112549,0.3622837960720062,-0.03727498650550842,0.7552297115325928,0.300004780292511,-0.04341209679841995,0.746515154838562,0.24364618957042694,-0.048753608018159866
B,Right,0.6746014356613159,0.6156494617462158,2.508433283310296e-07,0.6330878138542175,0.5921367406845093,-0.016801802441477776,0.6046263575553894,0.5301622152328491,-0.02436160296201706,0.5900623798370361,0.4647699296474457,-0.03192755952477455,0.6000507473945618,0.42745867371559143,-0.03878825530409813,0.6179983615875244,0.42433691024780273,-0.00036438091774471104,0.6070626378059387,0.3452152907848358,-0.012793206609785557,0.6010700464248657,0.2952161431312561,-0.025988150388002396,0.5983999371528625,0.24867670238018036,-0.03605044260621071,0.6389510035514832,0.4092003107070923,-0.0014291306724771857,0.6262240409851074,0.3211389482021332,-0.010319476947188377,0.6183732748031616,0.2640395164489746,-0.02035542018711567,0.6116881370544434,0.2118903249502182,-0.027982881292700768,0.661240816116333,0.40925246477127075,-0.006142555270344019,0.649003267288208,0.32821428775787354,-0.013916377909481525,0.6408049464225769,0.27709025144577026,-0.019659148529171944,0.6331470012664795,0.23314979672431946,-0.02413240447640419,0.6863763332366943,0.4228263795375824,-0.01351406704634428,0.6779865622520447,0.36178910732269287,-0.019089994952082634,0.670760452747345,0.3216053247451782,-0.021329818293452263,0.6628859639167786,0.2851935029029846,-0.023286329582333565
B,Right,0.6306146383285522,0.753453254699707,3.0895080271875486e-07,0.5761260390281677,0.7155532836914062,-0.017201771959662437,0.5408012866973877,0.6288952827453613,-0.02552814967930317,0.527912437915802,0.5473894476890564,-0.03446551784873009,0.5337429046630859,0.4936671853065491,-0.042620785534381866,0.563748836517334,0.48720693588256836,-0.0007515196339227259,0.5543965101242065,0.38148316740989685,-0.015308898873627186,0.5495138168334961,0.3171359896659851,-0.030197933316230774,0.547619104385376,0.25997450947761536,-0.04145330190658569,0.5925862789154053,0.4747926890850067,-0.005313126835972071,0.5806987881660461,0.35703885555267334,-0.016720492392778397,0.5733137726783752,0.2824576795101166,-0.02883956953883171,0.5682146549224854,0.21804305911064148,-0.03787766396999359,0.6215559840202332,0.4824850559234619,-0.013994443230330944,0.6109726428985596,0.3711491823196411,-0.024293499067425728,0.6039901375770569,0.30274829268455505,-0.03138032928109169,0.5981858372688293,0.24454852938652039,-0.03699686750769615,0.6522965431213379,0.5079069137573242,-0.025584153831005096,0.644925594329834,0.42202964425086975,-0.033807236701250076,0.6383538246154785,0.3656507730484009,-0.03678293526172638,0.6316117644309998,0.3142988085746765,-0.039198216050863266
B,Right,0.5373470783233643,0.8087340593338013,3.458870878603193e-07,0.47740617394447327,0.784231960773468,-0.023128945380449295,0.4323086738586426,0.6992524862289429,-0.0365460067987442,0.4119645953178406,0.6202438473701477,-0.04981820285320282,0.4111804664134979,0.5547886490821838,-0.06266503036022186,0.4465285539627075,0.5378792881965637,-0.014889865182340145,0.42680442333221436,0.4224388599395752,-0.03590847924351692,0.41346675157546997,0.3510563373565674,-0.05466463416814804,0.4040398597717285,0.28799962997436523,-0.06870387494564056,0.4759552478790283,0.5206894278526306,-0.02000384032726288,0.451925128698349,0.391962468624115,-0.038138359785079956,0.4360169470310211,0.3096974492073059,-0.055005207657814026,0.4234932065010071,0.23687744140625,-0.06737910211086273,0.5081543326377869,0.5264938473701477,-0.029242267832159996,0.4865415692329407,0.40490657091140747,-0.046077974140644073,0.47275060415267944,0.32959893345832825,-0.057826150208711624,0.4600600600242615,0.2626050114631653,-0.06664871424436569,0.54405277967453,0.5514984726905823,-0.04151061549782753,0.5298762917518616,0.4594400227069855,-0.05645541101694107,0.5169498920440674,0.3982256352901459,-0.06385496258735657,0.5026001334190369,0.3414929211139679,-0.0692935511469841
B,Right,0.44153693318367004,0.7849792838096619,4.1822224261522933e-07,0.3693382143974304,0.7639063596725464,-0.023714106529951096,0.3148837089538574,0.6765085458755493,-0.038494911044836044,0.2885163426399231,0.5967045426368713,-0.05366719514131546,0.28074347972869873,0.5273584127426147,-0.06877949833869934,0.3233702480792999,0.49710774421691895,-0.016433047130703926,0.29501205682754517,0.3706115484237671,-0.04159754142165184,0.27567028999328613,0.29169052839279175,-0.06425311416387558,0.2609204947948456,0.21954652667045593,-0.08119328320026398,0.35248029232025146,0.47342759370803833,-0.024458134546875954,0.3185868561267853,0.3307543396949768,-0.04668022692203522,0.2949037253856659,0.23568186163902283,-0.06825211644172668,0.2754698097705841,0.14787742495536804,-0.08430972695350647,0.38650181889533997,0.4762074947357178,-0.03684393689036369,0.3569633364677429,0.3378964364528656,-0.05756577104330063,0.3393252193927765,0.249994158744812,-0.07353102415800095,0.3232184648513794,0.17165476083755493,-0.0854465663433075,0.42611831426620483,0.5014150142669678,-0.05228565260767937,0.4055575728416443,0.39916032552719116,-0.0707341879606247,0.3876199424266815,0.32916730642318726,-0.08060868084430695,0.3681669533252716,0.26417139172554016,-0.08810035139322281
B,Right,0.38087543845176697,0.7605409622192383,2.9734047757301596e-07,0.3133893609046936,0.7329343557357788,-0.019291045144200325,0.26260441541671753,0.6300906538963318,-0.029495924711227417,0.23891812562942505,0.5408632159233093,-0.04097948968410492,0.22907128930091858,0.4737800061702728,-0.052267733961343765,0.27738282084465027,0.4478614628314972,-0.005568838678300381,0.2542778551578522,0.3244877755641937,-0.025253409519791603,0.23679828643798828,0.24908944964408875,-0.044477179646492004,0.22362302243709564,0.18125703930854797,-0.059551339596509933,0.3063567876815796,0.426675945520401,-0.014493540860712528,0.2777003049850464,0.2849491238594055,-0.0321737565100193,0.25606974959373474,0.19287323951721191,-0.05044141784310341,0.2386341542005539,0.11035555601119995,-0.0641765370965004,0.3388482332229614,0.4339282512664795,-0.027896029874682426,0.31394001841545105,0.2945553660392761,-0.04487858712673187,0.29621031880378723,0.2097657322883606,-0.05788518860936165,0.2797408103942871,0.13522815704345703,-0.06800857931375504,0.37566089630126953,0.4647385776042938,-0.04429004713892937,0.3592917025089264,0.36024942994117737,-0.05995984002947807,0.3439747095108032,0.2877535820007324,-0.06820008903741837,0.3272108733654022,0.22059467434883118,-0.07465345412492752
B,Right,0.2706509530544281,0.7629625797271729,2.7892218668057467e-07,0.20281130075454712,0.7396019697189331,-0.01231857854872942,0.15235494077205658,0.6377391815185547,-0.01759166829288006,0.13167543709278107,0.5576035380363464,-0.0253139678388834,0.11559141427278519,0.5013864040374756,-0.03341754525899887,0.1595914363861084,0.4622655510902405,-0.0008908509043976665,0.131526380777359,0.33963829278945923,-0.017758158966898918,0.11082633584737778,0.2659034729003906,-0.034275367856025696,0.09452225267887115,0.2030830979347229,-0.04697772115468979,0.18303938210010529,0.4449349343776703,-0.011613723821938038,0.15082207322120667,0.30831798911094666,-0.02761157974600792,0.12628313899040222,0.22187533974647522,-0.0446208119392395,0.10601968318223953,0.14571911096572876,-0.057124048471450806,0.2115783393383026,0.45057210326194763,-0.026126153767108917,0.18468020856380463,0.31580111384391785,-0.041824690997600555,0.16586235165596008,0.23532497882843018,-0.05510378256440163,0.1488489955663681,0.16623947024345398,-0.06519413739442825,0.2444707602262497,0.4764341711997986,-0.043050188571214676,0.22637398540973663,0.3735748529434204,-0.058340251445770264,0.20928530395030975,0.30393922328948975,-0.06732818484306335,0.19115960597991943,0.24059012532234192,-0.07420290261507034
B,Right,0.6776435375213623,0.6939719915390015,3.5152518762515683e-07,0.6262896656990051,0.6530978083610535,-0.026750147342681885,0.5921262502670288,0.5582559108734131,-0.04042086377739906,0.5780035853385925,0.46341830492019653,-0.05312568321824074,0.5959773659706116,0.4103340208530426,-0.06507068127393723,0.6180687546730042,0.4061228036880493,-0.010491578839719296,0.6098559498786926,0.29347118735313416,-0.029757756739854813,0.6052343249320984,0.22286875545978546,-0.048859722912311554,0.6049222946166992,0.15911328792572021,-0.0636739507317543,0.6493743658065796,0.3917616009712219,-0.011773043312132359,0.6404666304588318,0.26404887437820435,-0.026604576036334038,0.6347419619560242,0.18276390433311462,-0.04198480769991875,0.6301340460777283,0.11062982678413391,-0.05403244122862816,0.6800504922866821,0.4020303785800934,-0.0178922638297081,0.6739850640296936,0.282820463180542,-0.03071594424545765,0.6700822710990906,0.20909419655799866,-0.040688127279281616,0.6656992435455322,0.14596039056777954,-0.048957373946905136,0.7120169997215271,0.43273720145225525,-0.027714179828763008,0.7090549468994141,0.3430010676383972,-0.03778854012489319,0.7053046226501465,0.2840806245803833,-0.04325079917907715,0.70001220703125,0.23028160631656647,-0.04816777631640434
B,Right,0.5865874886512756,0.6923850774765015,2.2474790739579475e-07,0.5470855236053467,0.6653953790664673,-0.015173093415796757,0.5240359902381897,0.6004201173782349,-0.02295188046991825,0.5175880193710327,0.5358738303184509,-0.030916430056095123,0.5255319476127625,0.4971003234386444,-0.03868713602423668,0.5476441979408264,0.48885849118232727,-0.004542071837931871,0.5430671572685242,0.4069019854068756,-0.017185313627123833,0.5402677655220032,0.3561730980873108,-0.02985147200524807,0.539770245552063,0.30977219343185425,-0.03984079882502556,0.5691529512405396,0.4806360900402069,-0.00789069663733244,0.5632005333900452,0.3883361518383026,-0.01853659376502037,0.5594668984413147,0.3293456435203552,-0.029968563467264175,0.556945264339447,0.275634229183197,-0.03883910924196243,0.5899802446365356,0.48898059129714966,-0.01435570977628231,0.5861786603927612,0.40201234817504883,-0.024496421217918396,0.5835859179496765,0.34698420763015747,-0.03281840309500694,0.5808141827583313,0.29727959632873535,-0.03941314294934273,0.6124377250671387,0.5114113688468933,-0.022989865392446518,0.611212968826294,0.4451480507850647,-0.031744278967380524,0.6085069179534912,0.4007563292980194,-0.0366448312997818,0.6045658588409424,0.35865944623947144,-0.040725354105234146
B,Right,0.489515483379364,0.6860329508781433,2.460222674471879e-07,0.4516294598579407,0.6611853837966919,-0.014838614501059055,0.4249750077724457,0.6048099994659424,-0.024451011791825294,0.41264355182647705,0.5534456372261047,-0.03402460366487503,0.41440549492836,0.5120323300361633,-0.043453399091959,0.44097065925598145,0.4934331774711609,-0.011816086247563362,0.433055579662323,0.4109717607498169,-0.0270274356007576,0.4265901446342468,0.36031004786491394,-0.040151968598365784,0.4216402471065521,0.3154974579811096,-0.04969806224107742,0.46068862080574036,0.48565489053726196,-0.015963155776262283,0.45180389285087585,0.392833411693573,-0.028590966016054153,0.444828063249588,0.33412063121795654,-0.03957492113113403,0.4390964210033417,0.28205180168151855,-0.04760586470365524,0.4815734028816223,0.49364420771598816,-0.022719625383615494,0.4740000069141388,0.40461117029190063,-0.034123629331588745,0.4692309498786926,0.3498953580856323,-0.04136860743165016,0.4642334282398224,0.30074766278266907,-0.046764250844717026,0.5040338635444641,0.5153355002403259,-0.03142774477601051,0.4995743930339813,0.4490710198879242,-0.04128504544496536,0.4944845736026764,0.40485048294067383,-0.045320939272642136,0.48813396692276,0.36365002393722534,-0.04820255562663078
B,Right,0.4714260697364807,0.6856929659843445,2.259047704455952e-07,0.4324394166469574,0.6654233932495117,-0.014041810296475887,0.4038141965866089,0.608512282371521,-0.02270633913576603,0.39120757579803467,0.5566864609718323,-0.03147072345018387,0.38854020833969116,0.5160589218139648,-0.04027164727449417,0.4152531325817108,0.49812114238739014,-0.01110109407454729,0.40352663397789,0.41924214363098145,-0.025461209937930107,0.3948921263217926,0.3709394335746765,-0.038110218942165375,0.38842353224754333,0.32809561491012573,-0.047710664570331573,0.43458256125450134,0.488042414188385,-0.016037825495004654,0.42122286558151245,0.39916640520095825,-0.028884094208478928,0.41095811128616333,0.34253400564193726,-0.04102083295583725,0.4022740125656128,0.29176539182662964,-0.05008677765727043,0.45526787638664246,0.49487224221229553,-0.02347113937139511,0.4455622136592865,0.40708261728286743,-0.035756442695856094,0.4384896159172058,0.3533742427825928,-0.045175615698099136,0.43114331364631653,0.30509617924690247,-0.05232790485024452,0.4775317907333374,0.5165125131607056,-0.03263380751013756,0.47130125761032104,0.4527657628059387,-0.04398081451654434,0.46431803703308105,0.40885961055755615,-0.05011730641126633,0.45614588260650635,0.36722129583358765,-0.05475827306509018
B,Right,0.5365539789199829,0.6448304653167725,2.658210576100828e-07,0.49132922291755676,0.6126799583435059,-0.015807995572686195,0.46012043952941895,0.5388782620429993,-0.02539638616144657,0.4520096480846405,0.46904972195625305,-0.03556831181049347,0.4671553671360016,0.42237037420272827,-0.04583701863884926,0.4837101995944977,0.4032514989376068,-0.009514562785625458,0.4774167239665985,0.3035579025745392,-0.02600277028977871,0.4725610613822937,0.24138517677783966,-0.04129328951239586,0.469291627407074,0.18631619215011597,-0.053123049437999725,0.5096503496170044,0.3925388753414154,-0.015520084649324417,0.5009238719940186,0.27965980768203735,-0.029873594641685486,0.4951007664203644,0.20688535273075104,-0.044399380683898926,0.48992669582366943,0.1412048041820526,-0.05541286617517471,0.5359638333320618,0.4012434184551239,-0.02452821284532547,0.5301461815834045,0.296164333820343,-0.03797873482108116,0.5261984467506409,0.22970184683799744,-0.04856640473008156,0.5210062861442566,0.17076271772384644,-0.05673074722290039,0.5637768507003784,0.4273107051849365,-0.03571446239948273,0.5610302090644836,0.3489304184913635,-0.04738243296742439,0.5568408370018005,0.2959967851638794,-0.05329541116952896,0.5511040091514587,0.24650071561336517,-0.05796315521001816
B,Right,0.44209572672843933,0.6539326906204224,3.00832937227824e-07,0.3962447941303253,0.6359853148460388,-0.01906115747988224,0.35999196767807007,0.5761888027191162,-0.0313539020717144,0.34268200397491455,0.5101858973503113,-0.043240971863269806,0.34762418270111084,0.46544715762138367,-0.05518241971731186,0.3736449182033539,0.4476511478424072,-0.016981003805994987,0.35989904403686523,0.35443413257598877,-0.0346328504383564,0.34953707456588745,0.2985324561595917,-0.04973848536610603,0.34165701270103455,0.24821121990680695,-0.061277564615011215,0.39660388231277466,0.43489643931388855,-0.021636150777339935,0.3804320991039276,0.32809463143348694,-0.03690309822559357,0.3690047562122345,0.2620130777359009,-0.05058307200670242,0.35970428586006165,0.20268550515174866,-0.06088535860180855,0.42103278636932373,0.4412870705127716,-0.029235269874334335,0.40712296962738037,0.3387073278427124,-0.04340840503573418,0.3984193503856659,0.2762199938297272,-0.05384064465761185,0.39034584164619446,0.2205563187599182,-0.0618780218064785,0.44803187251091003,0.4637118875980377,-0.03908771276473999,0.43840017914772034,0.3904625475406647,-0.05187058821320534,0.42982345819473267,0.340497761964798,-0.05870882049202919,0.42040398716926575,0.2938370704650879,-0.0639902725815773
B,Right,0.5695968270301819,0.7209582328796387,2.0000156553123816e-07,0.5323847532272339,0.6845874786376953,-0.011783437803387642,0.512954831123352,0.6158512830734253,-0.017647694796323776,0.5103521943092346,0.5547322034835815,-0.024165544658899307,0.5176884531974792,0.5114597082138062,-0.030075911432504654,0.5385703444480896,0.510522186756134,0.0002668002271093428,0.537344217300415,0.42941343784332275,-0.009721371345221996,0.5360919237136841,0.3805999159812927,-0.02031496725976467,0.5361830592155457,0.33674144744873047,-0.02872117981314659,0.5595373511314392,0.50648432970047,-0.0038527725264430046,0.55717533826828,0.41627800464630127,-0.011621473357081413,0.5551847815513611,0.35981786251068115,-0.02068399265408516,0.5541653037071228,0.3107594847679138,-0.027920708060264587,0.579428493976593,0.5180366635322571,-0.010918321087956429,0.5791518092155457,0.4337158501148224,-0.01813310571014881,0.5790497064590454,0.38209640979766846,-0.023693617433309555,0.5785598754882812,0.33726245164871216,-0.028627606108784676,0.6000311970710754,0.5428615212440491,-0.020067580044269562,0.6013064384460449,0.47965145111083984,-0.026280729100108147,0.6004233956336975,0.4372584819793701,-0.029035164043307304,0.5984278917312622,0.39794960618019104,-0.031599611043930054
C,Left,0.10551879554986954,0.6694746613502502,3.7084242876517237e-07,0.1629994511604309,0.6206152439117432,-0.012121259234845638,0.21413804590702057,0.5605896711349487,-0.024648401886224747,0.2557564973831177,0.5220479965209961,-0.040109772235155106,0.28396543860435486,0.4726601839065552,-0.05661482736468315,0.17664016783237457,0.3948476314544678,-0.008184786885976791,0.20474809408187866,0.29640626907348633,-0.03283439576625824,0.2359834611415863,0.27897587418556213,-0.05499589443206787,0.26421111822128296,0.2860018014907837,-0.06842784583568573,0.15161776542663574,0.3861028254032135,-0.018298247829079628,0.17859195172786713,0.26928937435150146,-0.04419443756341934,0.21507759392261505,0.2591940462589264,-0.06788191199302673,0.24555379152297974,0.2913662791252136,-0.08147954940795898,0.1239246279001236,0.3962608873844147,-0.03117753192782402,0.13743552565574646,0.2789878845214844,-0.052146900445222855,0.17053908109664917,0.2561521530151367,-0.06825446337461472,0.20264548063278198,0.27212536334991455,-0.07709398865699768,0.09448032826185226,0.4241885542869568,-0.04570795223116875,0.09817447513341904,0.3280530571937561,-0.06359155476093292,0.12322138249874115,0.2853880524635315,-0.0734965056180954,0.15302637219429016,0.27546244859695435,-0.07863160967826843
C,Left,0.26469823718070984,0.7273585796356201,1.7846899424966978e-07,0.3047347068786621,0.6904617547988892,-0.007230565883219242,0.33811262249946594,0.6451297402381897,-0.014855132438242435,0.366466760635376,0.6142130494117737,-0.025185197591781616,0.38734471797943115,0.5872309803962708,-0.035039156675338745,0.31129971146583557,0.5323570966720581,0.0021898497361689806,0.32978713512420654,0.4655453562736511,-0.01466194074600935,0.3473474681377411,0.4719902575016022,-0.02983091026544571,0.36145496368408203,0.4909689724445343,-0.03815709054470062,0.2973153591156006,0.5212739706039429,-0.004980254452675581,0.3192345201969147,0.43606024980545044,-0.021545272320508957,0.34487733244895935,0.42537951469421387,-0.03546445816755295,0.3671165704727173,0.43803566694259644,-0.04246422275900841,0.2807638943195343,0.5203783512115479,-0.015007015317678452,0.2979705333709717,0.4314417839050293,-0.02898547425866127,0.3271363079547882,0.4157733917236328,-0.037832148373126984,0.3541768193244934,0.42493727803230286,-0.041153524070978165,0.262371301651001,0.5310201644897461,-0.0263740923255682,0.2682306170463562,0.4577258229255676,-0.03585829585790634,0.2887667417526245,0.43048232793807983,-0.03907781466841698,0.3123056888580322,0.42813873291015625,-0.03959432244300842
C,Left,0.2924388349056244,0.7702493667602539,2.3599011456099106e-07,0.3385797142982483,0.730315625667572,-0.0017560656415298581,0.37332192063331604,0.6808484792709351,-0.0060722180642187595,0.4020024240016937,0.644620954990387,-0.014324012212455273,0.4201933741569519,0.603019654750824,-0.02258746325969696,0.3451926112174988,0.5686602592468262,0.01076420210301876,0.3632071316242218,0.4955514073371887,-0.004346757661551237,0.3893018066883087,0.48107028007507324,-0.019023776054382324,0.4117726683616638,0.48201262950897217,-0.028008202090859413,0.33276066184043884,0.5611677169799805,0.0004428323882166296,0.3552955985069275,0.4758419990539551,-0.015415298752486706,0.38671186566352844,0.4676736295223236,-0.030236775055527687,0.41168367862701416,0.4816367030143738,-0.03884045407176018,0.3179953992366791,0.5624317526817322,-0.012633796781301498,0.3383094072341919,0.4774499535560608,-0.026290288195014,0.37055978178977966,0.46569836139678955,-0.035496484488248825,0.3980141878128052,0.4760608673095703,-0.04007037729024887,0.3020438849925995,0.5731918215751648,-0.026759514585137367,0.31436803936958313,0.5034547448158264,-0.037558019161224365,0.3384544551372528,0.4787784516811371,-0.04262306168675423,0.36304932832717896,0.4740726947784424,-0.04499601572751999
C,Left,0.3921591639518738,0.7181962132453918,2.514242112283682e-07,0.4376324713230133,0.6933979988098145,0.0032057941425591707,0.4749045968055725,0.6487111449241638,0.004862772300839424,0.5068269371986389,0.6213453412055969,0.0016126284608617425,0.5251189470291138,0.5891563892364502,-0.001962056150659919,0.448621928691864,0.5268611907958984,0.02772635594010353,0.47137367725372314,0.466144859790802,0.021079907193779945,0.4963322579860687,0.4466111660003662,0.010185767896473408,0.5168066620826721,0.4412704110145569,0.003077441593632102,0.4384051561355591,0.5152466893196106,0.01666920632123947,0.4634270966053009,0.4391675889492035,0.01099163293838501,0.49197328090667725,0.4197484254837036,-0.0005562853766605258,0.5138954520225525,0.42349082231521606,-0.0082362936809659,0.42530983686447144,0.5117732882499695,0.0025885466020554304,0.4455253481864929,0.43064454197883606,-0.0039543937891721725,0.4750438332557678,0.41171813011169434,-0.011534103192389011,0.4984477162361145,0.415266752243042,-0.015948759391903877,0.4111749827861786,0.5167698860168457,-0.012492680922150612,0.4230409264564514,0.4453335404396057,-0.018797019496560097,0.44597628712654114,0.4197741150856018,-0.021501563489437103,0.4686911106109619,0.41465872526168823,-0.022621136158704758
C,Left,0.5202600955963135,0.7013708353042603,9.31509518409257e-08,0.5633634924888611,0.6780493259429932,0.018193403258919716,0.5888432860374451,0.6324127316474915,0.027168570086359978,0.6070547699928284,0.6052817106246948,0.02811318449676037,0.6246782541275024,0.5766878128051758,0.028222206979990005,0.5627613067626953,0.5205816030502319,0.043780721724033356,0.583272397518158,0.46271222829818726,0.043574050068855286,0.6078497171401978,0.44551873207092285,0.03721960633993149,0.6280940175056458,0.4428808391094208,0.032359592616558075,0.5577200055122375,0.5113162994384766,0.026544498279690742,0.5844503045082092,0.438149094581604,0.02437788061797619,0.6160621643066406,0.4311012625694275,0.014501217752695084,0.6392486691474915,0.44685086607933044,0.007790572941303253,0.5521560311317444,0.5074062943458557,0.007480185944586992,0.5769171714782715,0.42625874280929565,0.004623020067811012,0.6095869541168213,0.422607958316803,-0.0026039958465844393,0.6334177255630493,0.4389796257019043,-0.007562009617686272,0.5481129884719849,0.5094163417816162,-0.011300806887447834,0.562043309211731,0.4376571774482727,-0.01429456565529108,0.5856822729110718,0.4203314781188965,-0.016590429469943047,0.6074073314666748,0.42356574535369873,-0.01837947405874729
C,Left,0.46587297320365906,0.3868808150291443,1.8692379910589807e-07,0.5118518471717834,0.3769482374191284,0.009165758267045021,0.543725311756134,0.35129061341285706,0.012904726900160313,0.5679988265037537,0.3293442726135254,0.010177589021623135,0.5856465101242065,0.29432132840156555,0.007597176358103752,0.5168607234954834,0.2145528346300125,0.03823348134756088,0.5470964312553406,0.16911043226718903,0.031028898432850838,0.5752995610237122,0.17512857913970947,0.018556179478764534,0.5953871011734009,0.1964329481124878,0.011861836537718773,0.5125907063484192,0.1970553994178772,0.02533356472849846,0.5466265678405762,0.13103827834129333,0.020380517467856407,0.5798438191413879,0.1258169561624527,0.008041109889745712,0.6034051179885864,0.1450747549533844,0.00037465448258444667,0.5052541494369507,0.18471133708953857,0.009199975058436394,0.535986602306366,0.11295744776725769,0.005009472370147705,0.5696806311607361,0.10916221141815186,-0.0029281903989613056,0.5936895608901978,0.12892474234104156,-0.007180509623140097,0.49617207050323486,0.1794222593307495,-0.0076473793014883995,0.5159689784049988,0.11064189672470093,-0.00955716148018837,0.5414661765098572,0.08876864612102509,-0.010828972794115543,0.5654231905937195,0.08922958374023438,-0.01113571971654892
C,Left,0.30686408281326294,0.41630232334136963,3.1704075809102505e-07,0.35176873207092285,0.3920300006866455,-0.009543863125145435,0.39322254061698914,0.36335933208465576,-0.016032760962843895,0.4260381758213043,0.33876490592956543,-0.024619732052087784,0.4461011588573456,0.2984243929386139,-0.033092036843299866,0.37309688329696655,0.23121052980422974,0.010273072868585587,0.39574894309043884,0.16860538721084595,-0.004493189975619316,0.4183465838432312,0.15705040097236633,-0.020979464054107666,0.4388957619667053,0.1601620316505432,-0.03076612390577793,0.3575730323791504,0.21320828795433044,0.005400266498327255,0.38436099886894226,0.14100220799446106,-0.0077198222279548645,0.4093005359172821,0.12757402658462524,-0.023735109716653824,0.4312947392463684,0.13635854423046112,-0.033631108701229095,0.338358998298645,0.20230185985565186,-0.002997815143316984,0.3621841073036194,0.1272066831588745,-0.013314043171703815,0.3879076838493347,0.10788540542125702,-0.023075178265571594,0.41222602128982544,0.11294637620449066,-0.028369128704071045,0.3152729868888855,0.2013138085603714,-0.013259680941700935,0.3291613757610321,0.13541437685489655,-0.0205321554094553,0.3489166796207428,0.10455679893493652,-0.02420603111386299,0.3708900809288025,0.09526728093624115,-0.02556934393942356
C,Left,0.23954832553863525,0.5971368551254272,1.9937868955821614e-07,0.2862285375595093,0.5459553599357605,-0.0032088877633213997,0.32441556453704834,0.4856870174407959,-0.007823439314961433,0.3532634973526001,0.45285701751708984,-0.01664898917078972,0.37187081575393677,0.42127320170402527,-0.025756241753697395,0.2890726923942566,0.3657067120075226,0.014138923957943916,0.30992698669433594,0.29051780700683594,-0.003117409534752369,0.33212602138519287,0.2791549861431122,-0.02065887674689293,0.349148690700531,0.2865886390209198,-0.030545443296432495,0.27247247099876404,0.3556087613105774,0.004040930885821581,0.3044191896915436,0.2794879078865051,-0.018806301057338715,0.332470178604126,0.29496830701828003,-0.03726509213447571,0.35218435525894165,0.3291529417037964,-0.044205643236637115,0.2525971531867981,0.3526753783226013,-0.009270104579627514,0.2751360535621643,0.2595753073692322,-0.025472525507211685,0.30720552802085876,0.24452145397663116,-0.03497891128063202,0.33448222279548645,0.2535383999347687,-0.03726498410105705,0.22843918204307556,0.3635042905807495,-0.02383737452328205,0.23396480083465576,0.2832321524620056,-0.03344443067908287,0.25584927201271057,0.2530922591686249,-0.0355592779815197,0.2800920307636261,0.24620571732521057,-0.03449400141835213
C,Left,0.17976662516593933,0.5138512253761292,2.78331725667158e-07,0.2307557463645935,0.4680253267288208,-0.0025240767281502485,0.27187487483024597,0.4211570918560028,-0.007106460630893707,0.3038880228996277,0.3873119354248047,-0.016255907714366913,0.3224988579750061,0.34656277298927307,-0.025857901200652122,0.2395152747631073,0.2899397909641266,0.017528630793094635,0.26203015446662903,0.21467015147209167,0.0018110517412424088,0.2860848307609558,0.20483337342739105,-0.016175908967852592,0.3071035146713257,0.2162679135799408,-0.02690928801894188,0.2198115587234497,0.2762933671474457,0.007481833919882774,0.24384717643260956,0.18694257736206055,-0.006757442839443684,0.2714688181877136,0.17343732714653015,-0.02439943514764309,0.295310378074646,0.19247445464134216,-0.035449497401714325,0.19607973098754883,0.27212321758270264,-0.005960854701697826,0.21500904858112335,0.17766445875167847,-0.017065465450286865,0.24179987609386444,0.15909826755523682,-0.02755754254758358,0.26710373163223267,0.17151674628257751,-0.03371507301926613,0.16862443089485168,0.28058236837387085,-0.02080630697309971,0.177540123462677,0.20510168373584747,-0.029270190745592117,0.19555987417697906,0.17188650369644165,-0.03332875669002533,0.21679216623306274,0.1619354784488678,-0.03517129644751549
C,Left,0.11315272003412247,0.49279701709747314,3.0929291483516863e-07,0.17103080451488495,0.44203096628189087,-0.0027406993322074413,0.21212559938430786,0.3911532163619995,-0.004915048833936453,0.24428331851959229,0.34999144077301025,-0.012817248702049255,0.24837380647659302,0.2974550127983093,-0.021841663867235184,0.17272622883319855,0.26079261302948,0.027198906987905502,0.18809641897678375,0.1902189999818802,0.013639911077916622,0.2086993306875229,0.1667764037847519,-0.006517778150737286,0.22910591959953308,0.15996135771274567,-0.02060931734740734,0.14793959259986877,0.248945415019989,0.015019853599369526,0.1643022894859314,0.1601114720106125,-0.001953565049916506,0.18703341484069824,0.14005106687545776,-0.028199024498462677,0.2096833884716034,0.1545192003250122,-0.045760270208120346,0.1212393045425415,0.2488584965467453,-0.0010257130488753319,0.13526153564453125,0.1590200513601303,-0.016373781487345695,0.15682052075862885,0.13551829755306244,-0.037689778953790665,0.17972755432128906,0.14865386486053467,-0.05108191817998886,0.09440001100301743,0.262367308139801,-0.018435515463352203,0.10193201154470444,0.18323364853858948,-0.032086171209812164,0.11790589243173599,0.1474345475435257,-0.044804055243730545,0.13966286182403564,0.1396045684814453,-0.05346686765551567
C,Left,0.2732922434806824,0.7740978002548218,1.6221180487718811e-07,0.31369781494140625,0.7024596929550171,0.005158500280231237,0.33998748660087585,0.6289738416671753,0.004318058956414461,0.36425095796585083,0.5824593305587769,-0.0028154172468930483,0.38475584983825684,0.552189290523529,-0.010458779521286488,0.2920039892196655,0.5344641208648682,0.021211549639701843,0.3003922402858734,0.45141860842704773,0.0069219451397657394,0.32442376017570496,0.4297851324081421,-0.0080031743273139,0.3467094898223877,0.42610877752304077,-0.017478879541158676,0.27857592701911926,0.5341891050338745,0.006049475632607937,0.2844994366168976,0.4350069761276245,-0.013748224824666977,0.31537729501724243,0.41962671279907227,-0.03195885568857193,0.3422909677028656,0.43206387758255005,-0.04110337793827057,0.2641086280345917,0.5441973209381104,-0.01163293793797493,0.26897042989730835,0.4458584785461426,-0.029206736013293266,0.30453282594680786,0.4287967383861542,-0.04057629033923149,0.33669525384902954,0.4383049011230469,-0.04483662545681,0.2507319748401642,0.5639821290969849,-0.02983679436147213,0.25076866149902344,0.48566490411758423,-0.04337562993168831,0.27252691984176636,0.451217919588089,-0.04978892207145691,0.297525018453598,0.43860140442848206,-0.05248495191335678
C,Left,0.5592297315597534,0.6324304342269897,1.595887511030014e-08,0.6043131351470947,0.5858988761901855,0.03342072293162346,0.6260160803794861,0.5256448984146118,0.049920450896024704,0.644339382648468,0.49058640003204346,0.055132098495960236,0.6610286235809326,0.4553048014640808,0.059217531234025955,0.582066535949707,0.4220028817653656,0.06389876455068588,0.6029019355773926,0.34888267517089844,0.06839128583669662,0.6303215026855469,0.3261699974536896,0.0645277351140976,0.6531373262405396,0.32548803091049194,0.06136079132556915,0.5756661295890808,0.4103778302669525,0.04014984145760536,0.5975028276443481,0.31763535737991333,0.04240961745381355,0.6307006478309631,0.2987425923347473,0.03463533893227577,0.6568259000778198,0.3143182396888733,0.02959241159260273,0.5719289183616638,0.4069354832172394,0.015104901045560837,0.5890889167785645,0.31013643741607666,0.01742655783891678,0.6222921013832092,0.2947552800178528,0.013529323041439056,0.6477614641189575,0.30725640058517456,0.010108624584972858,0.5728805661201477,0.4096169173717499,-0.00881950743496418,0.57916259765625,0.3274775445461273,-0.008404920808970928,0.5998626947402954,0.3003193140029907,-0.009018373675644398,0.6205171942710876,0.29767775535583496,-0.009867634624242783
C,Left,0.26152804493904114,0.7844537496566772,3.7163979982324236e-07,0.3394052982330322,0.7216615676879883,-0.003652809886261821,0.4015830457210541,0.6337953209877014,-0.007251925300806761,0.44643697142601013,0.5810362696647644,-0.017082445323467255,0.47700342535972595,0.5230074524879456,-0.02758159674704075,0.35513314604759216,0.41986408829689026,0.022953178733587265,0.386203795671463,0.29618358612060547,0.0024172700941562653,0.4222755432128906,0.2609233260154724,-0.01950610615313053,0.4539971351623535,0.25377631187438965,-0.03318198397755623,0.3272702991962433,0.4061402976512909,0.007541537284851074,0.3571775555610657,0.26302409172058105,-0.017352167516946793,0.4016183018684387,0.2444099336862564,-0.043556097894907,0.4384235143661499,0.2707747220993042,-0.05807288736104965,0.2962915897369385,0.40995654463768005,-0.012271540239453316,0.3169252872467041,0.2615826725959778,-0.035068899393081665,0.3632048964500427,0.23722341656684875,-0.05282195284962654,0.4047873020172119,0.25488078594207764,-0.06114710867404938,0.26377952098846436,0.4342568516731262,-0.03355320170521736,0.2761489152908325,0.31093209981918335,-0.05259367451071739,0.30958762764930725,0.26216399669647217,-0.0619351863861084,0.3469189405441284,0.25153008103370667,-0.06586664170026779
C,Left,0.3821980953216553,0.8613457083702087,2.522112936276244e-07,0.4613480567932129,0.8029888868331909,0.009726185351610184,0.5140981078147888,0.7052047848701477,0.012497627176344395,0.5570108294487,0.6446311473846436,0.006662706378847361,0.5837113857269287,0.5826761722564697,0.0009026829502545297,0.4667366147041321,0.514922022819519,0.032126229256391525,0.4977284371852875,0.3836589455604553,0.011571315117180347,0.541135311126709,0.3500978350639343,-0.00883010495454073,0.578438937664032,0.3504127860069275,-0.02085769735276699,0.448426753282547,0.5052371025085449,0.009949161671102047,0.48086613416671753,0.35073530673980713,-0.013963925652205944,0.5352151989936829,0.32766193151474,-0.03613686189055443,0.5781264305114746,0.3512968420982361,-0.047696441411972046,0.4284246861934662,0.5095440745353699,-0.016243448480963707,0.4565035402774811,0.3519507646560669,-0.0369521863758564,0.510709822177887,0.3192797303199768,-0.05175459012389183,0.5568895936012268,0.327600359916687,-0.058636948466300964,0.4094942808151245,0.5310502052307129,-0.04314731806516647,0.4267498850822449,0.4068146049976349,-0.059445738792419434,0.45999282598495483,0.350946843624115,-0.0675838515162468,0.49458563327789307,0.32959598302841187,-0.07142545282840729
C,Left,0.34365347027778625,0.6310100555419922,3.6117046420258703e-07,0.4284488260746002,0.561090886592865,0.02477818727493286,0.48101943731307983,0.48789358139038086,0.03255525976419449,0.5264490842819214,0.4458346366882324,0.025540456175804138,0.5534903407096863,0.38730427622795105,0.017008330672979355,0.4281788766384125,0.28426963090896606,0.07834309339523315,0.45849692821502686,0.1669146716594696,0.06971915811300278,0.4996640682220459,0.13596512377262115,0.04832465201616287,0.5342518091201782,0.1355157047510147,0.033596236258745193,0.41093501448631287,0.268939346075058,0.046346891671419144,0.4448775351047516,0.12658554315567017,0.033900246024131775,0.49548083543777466,0.10085101425647736,0.005124606657773256,0.5332292914390564,0.13187895715236664,-0.01306107547134161,0.3911008834838867,0.2638128101825714,0.009752852842211723,0.4194658398628235,0.11762095987796783,0.001597277238033712,0.4709011912345886,0.0931028425693512,-0.01348491944372654,0.5119950771331787,0.11201067268848419,-0.022849150002002716,0.3738197088241577,0.27955999970436096,-0.027822187170386314,0.3897658884525299,0.15275874733924866,-0.03242255002260208,0.42329588532447815,0.09735861420631409,-0.03541127219796181,0.4577522575855255,0.07499590516090393,-0.0375639833509922
C,Left,0.13924536108970642,0.63921719789505,4.676076628129522e-07,0.21846641600131989,0.5793314576148987,-0.006654294673353434,0.28733688592910767,0.5088005065917969,-0.010822131298482418,0.3385867178440094,0.4679408073425293,-0.020663470029830933,0.3744707703590393,0.4254942536354065,-0.031220225617289543,0.24142596125602722,0.30400967597961426,0.029219215735793114,0.2773696482181549,0.20511387288570404,0.009651514701545238,0.31353580951690674,0.18107205629348755,-0.015200631693005562,0.34557509422302246,0.18007594347000122,-0.030740952119231224,0.21158213913440704,0.27758869528770447,0.017132120206952095,0.248468279838562,0.15384599566459656,-0.0007442208006978035,0.2876398265361786,0.12861108779907227,-0.025478316470980644,0.32189685106277466,0.14283022284507751,-0.0407746285200119,0.17641086876392365,0.2682551443576813,-0.00025047603412531316,0.2058519572019577,0.13258272409439087,-0.016385052353143692,0.24365684390068054,0.097524493932724,-0.032485224306583405,0.27944767475128174,0.10079196095466614,-0.041379403322935104,0.13429071009159088,0.279245525598526,-0.019801344722509384,0.14587926864624023,0.16220919787883759,-0.03264346346259117,0.17475230991840363,0.11630669236183167,-0.03786502406001091,0.20822420716285706,0.10459545254707336,-0.039499036967754364
C,Left,0.08099831640720367,0.6785569787025452,4.705698586349172e-07,0.1584276258945465,0.6145907044410706,-0.014107413589954376,0.22506394982337952,0.5416252017021179,-0.022770103067159653,0.27704182267189026,0.4918750524520874,-0.036214567720890045,0.3076660633087158,0.43273186683654785,-0.05037367716431618,0.1800345927476883,0.3382091522216797,0.01708756387233734,0.20735907554626465,0.23584328591823578,-0.00809390563517809,0.23640798032283783,0.2013384848833084,-0.036067843437194824,0.2651083469390869,0.19100914895534515,-0.05447029322385788,0.1429917812347412,0.3143690228462219,0.005858475808054209,0.17128100991249084,0.18817313015460968,-0.02107805572450161,0.2036261260509491,0.15757106244564056,-0.05181177332997322,0.23560145497322083,0.17006456851959229,-0.07148513197898865,0.10173262655735016,0.3125830888748169,-0.011240622028708458,0.12393766641616821,0.17941099405288696,-0.036755118519067764,0.15601746737957,0.14252835512161255,-0.060768190771341324,0.19133135676383972,0.14898771047592163,-0.0746142789721489,0.05566001683473587,0.3329463005065918,-0.030773239210247993,0.06527083367109299,0.22180218994617462,-0.05443962290883064,0.09133181720972061,0.1689578741788864,-0.07062113285064697,0.12689617276191711,0.14983919262886047,-0.07996665686368942
C,Left,0.35849958658218384,0.7867472767829895,2.4335261628039007e-07,0.41177624464035034,0.7162153720855713,0.008144993335008621,0.43904560804367065,0.6276729702949524,0.008625372312963009,0.46202951669692993,0.5699012875556946,0.001248903339728713,0.4786042273044586,0.5209247469902039,-0.0061666532419621944,0.3849804997444153,0.500232458114624,0.029315728694200516,0.3946179747581482,0.3940146863460541,0.011363270692527294,0.4302055835723877,0.3649500608444214,-0.007454864680767059,0.4635641574859619,0.3638998866081238,-0.018999407067894936,0.3719637393951416,0.49907323718070984,0.011118696071207523,0.3847944438457489,0.37591543793678284,-0.007671743631362915,0.4298170506954193,0.3516455292701721,-0.026474714279174805,0.46748635172843933,0.36507952213287354,-0.03717021644115448,0.3594321608543396,0.508523166179657,-0.010625609196722507,0.3745405673980713,0.3872852325439453,-0.026513196527957916,0.4205904006958008,0.35956838726997375,-0.03696310147643089,0.4600025713443756,0.36595308780670166,-0.041938118636608124,0.3485819399356842,0.5305125713348389,-0.03316592425107956,0.3581188917160034,0.4395201802253723,-0.045318830758333206,0.38711193203926086,0.40042775869369507,-0.05010474845767021,0.41642534732818604,0.38702768087387085,-0.05213233828544617
C,Left,0.45766061544418335,0.7028346061706543,2.0614201901025808e-07,0.5270910859107971,0.6428065896034241,0.02237667515873909,0.5552191734313965,0.555525004863739,0.02528258226811886,0.5790266990661621,0.5021947622299194,0.01855384185910225,0.6026981472969055,0.4610735774040222,0.01121898926794529,0.48422694206237793,0.41040271520614624,0.01862337253987789,0.5166414976119995,0.283405065536499,0.00012238345516379923,0.5689370036125183,0.2637413740158081,-0.015307367779314518,0.6111341714859009,0.27817338705062866,-0.024090342223644257,0.473450243473053,0.4093892574310303,-0.006913269404321909,0.5119975805282593,0.25364989042282104,-0.024823084473609924,0.5717929005622864,0.2298138588666916,-0.03680653125047684,0.6159700751304626,0.24662286043167114,-0.04337305948138237,0.4741479456424713,0.4207410216331482,-0.03320293501019478,0.5129823684692383,0.2713320255279541,-0.04683423787355423,0.5681016445159912,0.24607424437999725,-0.05229508876800537,0.6081733703613281,0.25520920753479004,-0.05500120297074318,0.4865838289260864,0.441852331161499,-0.05880524590611458,0.5098545551300049,0.3263733983039856,-0.06968171894550323,0.5466492176055908,0.2885478138923645,-0.07161248475313187,0.5781251788139343,0.28255346417427063,-0.07183700799942017
C,Left,0.5478051900863647,0.7445796728134155,2.699613901313569e-07,0.6227763891220093,0.6767942905426025,0.020847635343670845,0.6444777846336365,0.5984897613525391,0.019193794578313828,0.6612488031387329,0.5509101748466492,0.008142434991896152,0.6814676523208618,0.506759524345398,-0.00357085675932467,0.5748087167739868,0.46779558062553406,0.010324523784220219,0.617765486240387,0.3402653634548187,-0.011164193041622639,0.6663544178009033,0.319873571395874,-0.02849462255835533,0.7037789225578308,0.32665252685546875,-0.03919568285346031,0.5692482590675354,0.47634920477867126,-0.014576921239495277,0.618937075138092,0.32209089398384094,-0.03820568695664406,0.6764947175979614,0.30948665738105774,-0.054268885403871536,0.7154890894889832,0.3294769525527954,-0.0626225546002388,0.5792497396469116,0.497696191072464,-0.039310846477746964,0.6162868738174438,0.3381856679916382,-0.056158509105443954,0.6688639521598816,0.3176800310611725,-0.06361449509859085,0.7056424617767334,0.32920214533805847,-0.06737911701202393,0.6016525626182556,0.525162398815155,-0.06304385513067245,0.6136680245399475,0.41700562834739685,-0.07493823021650314,0.6380123496055603,0.3719155192375183,-0.07831920683383942,0.6604784727096558,0.35176923871040344,-0.08006124198436737
C,Left,0.4352029860019684,0.5555059909820557,1.1076181039015864e-07,0.5031988024711609,0.49522119760513306,0.044410597532987595,0.5352842807769775,0.4286065697669983,0.06535092741250992,0.563610851764679,0.38526445627212524,0.07077587395906448,0.588408350944519,0.33935990929603577,0.07391832023859024,0.4811340868473053,0.28213995695114136,0.08747897297143936,0.5112348198890686,0.18930798768997192,0.09151343256235123,0.5526628494262695,0.16367113590240479,0.08298968523740768,0.5870656371116638,0.16030454635620117,0.07610718160867691,0.4723236858844757,0.2657480537891388,0.05344151705503464,0.5063093900680542,0.14881443977355957,0.053578149527311325,0.5557607412338257,0.1302984058856964,0.0385843925178051,0.5940704345703125,0.15156219899654388,0.028263945132493973,0.46497130393981934,0.2602900266647339,0.01728140003979206,0.494589626789093,0.13301187753677368,0.016178399324417114,0.5440067052841187,0.11548994481563568,0.006627001333981752,0.5816154479980469,0.1275234818458557,-0.0005238520679995418,0.46224358677864075,0.2670536935329437,-0.017215481027960777,0.47800078988075256,0.15046249330043793,-0.020069275051355362,0.5089406967163086,0.11479996144771576,-0.022404389455914497,0.5386998653411865,0.10767686367034912,-0.024397188797593117
C,Left,0.22757309675216675,0.5677563548088074,3.5017890809285745e-07,0.2906118631362915,0.507388174533844,0.007660258561372757,0.34148070216178894,0.43552979826927185,0.010591774247586727,0.3833554685115814,0.3886811435222626,0.005411569494754076,0.4025510847568512,0.3331923484802246,-0.0010627381270751357,0.2895664870738983,0.2707117795944214,0.04503902420401573,0.3114495873451233,0.17552518844604492,0.03437313437461853,0.34265729784965515,0.14595407247543335,0.01612253487110138,0.37074989080429077,0.1397421956062317,0.004445860628038645,0.26898759603500366,0.25298744440078735,0.02772558107972145,0.29289746284484863,0.1383814513683319,0.01681268960237503,0.3292980194091797,0.10915963351726532,-0.004262464586645365,0.3608449697494507,0.12289339303970337,-0.017315080389380455,0.2439279407262802,0.24800458550453186,0.006387651897966862,0.2602368891239166,0.12702329456806183,-0.001977690262719989,0.29596132040023804,0.09387753903865814,-0.01449835766106844,0.32934874296188354,0.0957685112953186,-0.022219432517886162,0.21632014214992523,0.2595173716545105,-0.016216082498431206,0.21648719906806946,0.15549491345882416,-0.02320621721446514,0.24110348522663116,0.11046415567398071,-0.026437338441610336,0.2720811367034912,0.09408487379550934,-0.02777906134724617
C,Left,0.255143404006958,0.6901406645774841,3.800732599756884e-07,0.31648045778274536,0.634557843208313,-0.004982771817594767,0.36976003646850586,0.5785487294197083,-0.012425707653164864,0.41290441155433655,0.5418867468833923,-0.025399576872587204,0.4352650046348572,0.4886555075645447,-0.03894498199224472,0.3272477388381958,0.4050247073173523,0.01880550943315029,0.3521074652671814,0.30128365755081177,0.0010264893062412739,0.3825666904449463,0.2781251072883606,-0.019477499648928642,0.41002702713012695,0.280087411403656,-0.032143399119377136,0.30541884899139404,0.3935675323009491,0.005999882239848375,0.33248668909072876,0.27697068452835083,-0.01246690470725298,0.3690336048603058,0.26172441244125366,-0.03545887768268585,0.40077826380729675,0.2864053249359131,-0.049368202686309814,0.28152576088905334,0.3935855031013489,-0.01060880720615387,0.30326318740844727,0.27475228905677795,-0.024904029443860054,0.3417653441429138,0.2534312605857849,-0.039042796939611435,0.37733814120292664,0.27014076709747314,-0.04700605198740959,0.25714111328125,0.40996646881103516,-0.02913563698530197,0.2665967345237732,0.3107426166534424,-0.040132950991392136,0.2940772771835327,0.27533701062202454,-0.0454258993268013,0.32526683807373047,0.27363765239715576,-0.0476570799946785
C,Left,0.3750198781490326,0.6749915480613708,2.6058603452838724e-07,0.42965981364250183,0.6319266557693481,0.0039908490143716335,0.47353628277778625,0.5688283443450928,0.005886274389922619,0.5059012770652771,0.5324959754943848,0.0018841989804059267,0.5296197533607483,0.5043905377388,-0.0018842959543690085,0.43523433804512024,0.4203571081161499,0.03161324933171272,0.4523995518684387,0.3276280164718628,0.021284207701683044,0.47867700457572937,0.29790037870407104,0.0067864079028368,0.5032597184181213,0.29136693477630615,-0.0027039297856390476,0.421056866645813,0.40911221504211426,0.017851654440164566,0.44107168912887573,0.30593404173851013,0.007390547543764114,0.4750988781452179,0.27928704023361206,-0.008644921705126762,0.5048012733459473,0.28592729568481445,-0.018778936937451363,0.4046015739440918,0.4068154990673065,0.0005259012104943395,0.4196329712867737,0.2971760630607605,-0.009072774089872837,0.45389121770858765,0.26790696382522583,-0.019803540781140327,0.4855149984359741,0.2687219977378845,-0.026264792308211327,0.3858877122402191,0.41583895683288574,-0.017962973564863205,0.3882606029510498,0.32938459515571594,-0.026155296713113785,0.4075343608856201,0.2917924225330353,-0.030465448275208473,0.43033140897750854,0.2767986059188843,-0.032872945070266724
C,Left,0.6993594169616699,0.6780099868774414,7.353904862839045e-08,0.7495943903923035,0.6457951068878174,0.03889426961541176,0.7698279619216919,0.5935399532318115,0.05248001217842102,0.786231279373169,0.5623630881309509,0.05323740467429161,0.8040361404418945,0.5302832126617432,0.05216783285140991,0.7145875096321106,0.47753381729125977,0.058684077113866806,0.7370008230209351,0.38689124584198,0.06327004730701447,0.7700830698013306,0.3700184226036072,0.06059195473790169,0.7977577447891235,0.37563714385032654,0.05795925855636597,0.7108448147773743,0.4681355059146881,0.03164607286453247,0.7364966869354248,0.3608109951019287,0.03647388890385628,0.7745688557624817,0.34725093841552734,0.030825918540358543,0.8057872653007507,0.3671831488609314,0.025974104180932045,0.7159688472747803,0.46427562832832336,0.004679063335061073,0.7385954856872559,0.3531825840473175,0.012691832147538662,0.7749470472335815,0.34200039505958557,0.012335067614912987,0.8033428192138672,0.3566908836364746,0.009158030152320862,0.7320147156715393,0.46720191836357117,-0.020869284868240356,0.747483491897583,0.384014755487442,-0.01531635969877243,0.7713509798049927,0.3581964373588562,-0.013311432674527168,0.7916104197502136,0.35513415932655334,-0.013585369102656841
C,Left,0.6874668002128601,0.5584290623664856,1.1764367968680745e-07,0.7390046119689941,0.5216060876846313,0.039429448544979095,0.7566382884979248,0.46762123703956604,0.0595439113676548,0.7731384038925171,0.4388820230960846,0.06727205216884613,0.7904523611068726,0.4075104892253876,0.07369349151849747,0.6957769989967346,0.3639238476753235,0.0745740681886673,0.7187459468841553,0.30052095651626587,0.08784251660108566,0.7496209144592285,0.27201053500175476,0.08831051737070084,0.7751180529594421,0.258482962846756,0.08662610501050949,0.6867730021476746,0.3476712107658386,0.05021149665117264,0.7164016962051392,0.2627562880516052,0.062026284635066986,0.7543521523475647,0.24017247557640076,0.05793261528015137,0.7853438258171082,0.24367281794548035,0.05343443900346756,0.6870409250259399,0.3397729694843292,0.02526356652379036,0.7108144760131836,0.24417483806610107,0.03573526814579964,0.7494810819625854,0.22435089945793152,0.03213613107800484,0.7790322303771973,0.23084138333797455,0.027207979932427406,0.6966140866279602,0.3360214829444885,0.0017395841423422098,0.7102091312408447,0.24736379086971283,0.00888335146009922,0.7383443713188171,0.2247883826494217,0.009849786758422852,0.7641895413398743,0.2289000153541565,0.008801530115306377
C,Left,0.2732495665550232,0.6311362385749817,2.8307698585194885e-07,0.3190571963787079,0.5913225412368774,-0.008287416771054268,0.35993367433547974,0.5372562408447266,-0.01351357251405716,0.39097923040390015,0.5021549463272095,-0.02147306501865387,0.41317272186279297,0.4694440960884094,-0.02926270104944706,0.3296971619129181,0.3962978720664978,0.010025770403444767,0.3424966037273407,0.30693188309669495,-0.004177106078714132,0.36318325996398926,0.2768505811691284,-0.01945633441209793,0.3828851282596588,0.26613420248031616,-0.02869611606001854,0.3113962709903717,0.3839375376701355,0.003280413569882512,0.32832998037338257,0.28624260425567627,-0.01085701398551464,0.3555389940738678,0.261555552482605,-0.02635791338980198,0.3802773356437683,0.2621687948703766,-0.03531528264284134,0.290921688079834,0.3796434700489044,-0.006885303184390068,0.3048064112663269,0.28200215101242065,-0.02004305273294449,0.3332364559173584,0.2529827952384949,-0.030559083446860313,0.3602675795555115,0.2502841055393219,-0.035557083785533905,0.2676638066768646,0.38685479760169983,-0.01870740018785,0.2713964581489563,0.30434486269950867,-0.02877850830554962,0.29348891973495483,0.2722334563732147,-0.03247425705194473,0.31936344504356384,0.26542818546295166,-0.03323409706354141
C,Left,0.36160168051719666,0.67154860496521,2.3156103168275877e-07,0.4101063907146454,0.6352704763412476,-0.000632582581602037,0.4471862316131592,0.5741446614265442,-0.001103831804357469,0.47733911871910095,0.5322577357292175,-0.0059067970141768456,0.4952003061771393,0.4905967116355896,-0.010575748048722744,0.4137689471244812,0.4366738498210907,0.020473526790738106,0.4257156252861023,0.35180628299713135,0.008909517899155617,0.44685548543930054,0.3191536068916321,-0.004957055673003197,0.4672318994998932,0.30525702238082886,-0.013888404704630375,0.39808210730552673,0.42675918340682983,0.009946580976247787,0.40801194310188293,0.3294854462146759,-0.0020866210106760263,0.43649113178253174,0.3047741651535034,-0.016277117654681206,0.4627525210380554,0.3082871437072754,-0.02501555345952511,0.3806305229663849,0.4269534945487976,-0.003891878994181752,0.38694003224372864,0.32809701561927795,-0.015525554306805134,0.41546326875686646,0.30090636014938354,-0.025174811482429504,0.44319432973861694,0.30236393213272095,-0.030399639159440994,0.36288607120513916,0.4378804564476013,-0.01893211156129837,0.3651931881904602,0.36145591735839844,-0.02853568270802498,0.38344690203666687,0.3289525508880615,-0.032971907407045364,0.4046933948993683,0.3179916441440582,-0.03510991856455803
C,Left,0.44486257433891296,0.6685638427734375,1.8840410120901652e-07,0.490622878074646,0.6316304206848145,0.010136188939213753,0.5220014452934265,0.5720805525779724,0.014749395661056042,0.548231303691864,0.5351435542106628,0.012419125065207481,0.5657033920288086,0.5019758939743042,0.009923762641847134,0.48718562722206116,0.4475228488445282,0.03600689023733139,0.5006092190742493,0.3715619146823883,0.029816122725605965,0.524599552154541,0.34433579444885254,0.019062427803874016,0.5466927289962769,0.3346613049507141,0.011726535856723785,0.47833096981048584,0.4377325773239136,0.020479479804635048,0.49226826429367065,0.34692203998565674,0.012645581737160683,0.524359941482544,0.3230329155921936,-0.00018150947289541364,0.5516245365142822,0.32718002796173096,-0.008119625970721245,0.4673454165458679,0.4357104003429413,0.001991074299439788,0.47906026244163513,0.33956122398376465,-0.005711570847779512,0.5116508603096008,0.31475311517715454,-0.015064379200339317,0.539751410484314,0.3148818612098694,-0.020776383578777313,0.4560823142528534,0.4423483610153198,-0.01700354553759098,0.4603533446788788,0.3639999032020569,-0.02355499006807804,0.4802561402320862,0.33137497305870056,-0.02755543775856495,0.5018063187599182,0.3175518214702606,-0.030096596106886864
C,Left,0.24077315628528595,0.5854074954986572,2.4220474870162434e-07,0.2905149459838867,0.5288277268409729,0.0006033312529325485,0.32470080256462097,0.4656999111175537,-0.0006950864917598665,0.3534456491470337,0.4252951741218567,-0.007125852629542351,0.37464818358421326,0.38495752215385437,-0.01383509673178196,0.2758898138999939,0.34458956122398376,0.02447952888906002,0.28898629546165466,0.26634112000465393,0.011261082254350185,0.31004154682159424,0.23598814010620117,-0.004605569411069155,0.329315185546875,0.22673316299915314,-0.01419393252581358,0.2594684362411499,0.33423203229904175,0.012888376601040363,0.2741357684135437,0.24100269377231598,-0.0020857229828834534,0.30261820554733276,0.2144002616405487,-0.01968463510274887,0.3282835781574249,0.2185499221086502,-0.02930954471230507,0.24155372381210327,0.3340761065483093,-0.0020681056194007397,0.2518458366394043,0.23485761880874634,-0.014907161705195904,0.2812337279319763,0.2014051377773285,-0.02661515772342682,0.3094276785850525,0.19765876233577728,-0.032222505658864975,0.2227485179901123,0.34725573658943176,-0.018044201657176018,0.2211609184741974,0.26593855023384094,-0.027470974251627922,0.24001994729042053,0.22519533336162567,-0.032083407044410706,0.26436397433280945,0.20836247503757477,-0.03379542753100395
C,Right,0.8544579744338989,0.7442729473114014,-9.249625065876899e-08,0.8098546266555786,0.6908671855926514,-0.012819606810808182,0.7703784704208374,0.6213800311088562,-0.030599113553762436,0.7359395623207092,0.581817090511322,-0.050707124173641205,0.7107024788856506,0.5432845950126648,-0.06991136074066162,0.8117812275886536,0.48779281973838806,-0.017583468928933144,0.8095767498016357,0.37095388770103455,-0.05332712456583977,0.7819142937660217,0.3576200604438782,-0.08148255944252014,0.7564493417739868,0.3792935609817505,-0.09576244652271271,0.835825502872467,0.49867308139801025,-0.027159543707966805,0.8374631404876709,0.36848291754722595,-0.06047831103205681,0.8038718104362488,0.35507944226264954,-0.08086980134248734,0.7743958234786987,0.38236096501350403,-0.08973337709903717,0.8606899976730347,0.5223895907402039,-0.0404120571911335,0.8672304749488831,0.40763527154922485,-0.06400090456008911,0.8385940194129944,0.3863672614097595,-0.0746721625328064,0.8118479251861572,0.3998783826828003,-0.07807603478431702,0.8867732286453247,0.5608131289482117,-0.05532972142100334,0.8967070579528809,0.4728979766368866,-0.06982172280550003,0.8802294135093689,0.43952327966690063,-0.0748763158917427,0.8596789240837097,0.43031030893325806,-0.0761834904551506
C,Right,0.8697199821472168,0.5505520105361938,-1.3958936051494675e-07,0.8213790059089661,0.5110151767730713,-0.011455394327640533,0.7784197330474854,0.4514204263687134,-0.02543628215789795,0.7444748878479004,0.41607901453971863,-0.041622892022132874,0.7261450290679932,0.3717213571071625,-0.05684541165828705,0.8196401000022888,0.30825433135032654,-0.008045648224651814,0.808140754699707,0.20728415250778198,-0.03811012580990791,0.7848899364471436,0.19740550220012665,-0.06416459381580353,0.7642613053321838,0.22138968110084534,-0.07765987515449524,0.8445702791213989,0.30652010440826416,-0.015480533242225647,0.8332312703132629,0.19646799564361572,-0.04149729013442993,0.8080037236213684,0.1842995584011078,-0.06157997250556946,0.7848872542381287,0.20923691987991333,-0.07168695330619812,0.8722400069236755,0.3178197741508484,-0.026567649096250534,0.8673891425132751,0.21386833488941193,-0.04414971545338631,0.8451613783836365,0.19198797643184662,-0.0542127788066864,0.8227991461753845,0.20401732623577118,-0.05835988000035286,0.9016825556755066,0.3456534147262573,-0.03936756029725075,0.9000307321548462,0.2651561498641968,-0.05127269774675369,0.8842986822128296,0.22898125648498535,-0.05623142048716545,0.8646438717842102,0.2163383811712265,-0.05751025676727295
C,Right,0.7836716175079346,0.592086911201477,-1.3305073309766158e-07,0.7373642325401306,0.5578697919845581,-0.011536411009728909,0.6949135661125183,0.5086870789527893,-0.028078433126211166,0.6586872339248657,0.4841550886631012,-0.04740680381655693,0.6403838396072388,0.4463613033294678,-0.06526651233434677,0.7234818935394287,0.3702268898487091,-0.011626196093857288,0.7077568769454956,0.26588159799575806,-0.04572480544447899,0.6792452335357666,0.26335063576698303,-0.07259450852870941,0.6569202542304993,0.29111576080322266,-0.08614778518676758,0.7429953813552856,0.37062638998031616,-0.01975250616669655,0.7272846698760986,0.2543673813343048,-0.05334048345685005,0.6924166083335876,0.2577986717224121,-0.07414015382528305,0.6674391031265259,0.2941279113292694,-0.08270910382270813,0.7656698226928711,0.3799617886543274,-0.03153704106807709,0.7569714784622192,0.27421802282333374,-0.05498624965548515,0.7249648571014404,0.2673310935497284,-0.06601899862289429,0.7007880806922913,0.29311907291412354,-0.06863722950220108,0.7907319664955139,0.4018687605857849,-0.04495663195848465,0.7870038747787476,0.3191658854484558,-0.058813195675611496,0.7649161219596863,0.29112327098846436,-0.06496930122375488,0.7427487373352051,0.28757157921791077,-0.06643377244472504
C,Right,0.8475157022476196,0.738348126411438,-1.732255299202734e-07,0.7936742901802063,0.6875266432762146,-0.018618393689393997,0.7467827200889587,0.6145778894424438,-0.04288775473833084,0.704913854598999,0.5799397826194763,-0.06898170709609985,0.6775659322738647,0.5365118980407715,-0.09415531903505325,0.7932643294334412,0.45606404542922974,-0.02955571375787258,0.7859465479850769,0.3292842507362366,-0.07578130066394806,0.7522927522659302,0.3315953314304352,-0.11131200939416885,0.7233767509460449,0.3711094260215759,-0.1297069936990738,0.8217228055000305,0.46570780873298645,-0.03963669389486313,0.8132047057151794,0.32342851161956787,-0.08340979367494583,0.7746162414550781,0.3258334696292877,-0.11012708395719528,0.743964433670044,0.36646759510040283,-0.12228050827980042,0.8527069091796875,0.4922516345977783,-0.05398395657539368,0.8516710996627808,0.35762161016464233,-0.0857832208275795,0.8148185610771179,0.3406359851360321,-0.10175987333059311,0.7821255922317505,0.36096683144569397,-0.10773728787899017,0.8864261507987976,0.5370384454727173,-0.07008057087659836,0.8860508799552917,0.4352911114692688,-0.0911920890212059,0.8600532412528992,0.39042481780052185,-0.10149744898080826,0.8316850066184998,0.3713406026363373,-0.10593781620264053
C,Right,0.856559157371521,0.5128911137580872,-1.7217232084476564e-07,0.8024381399154663,0.47170698642730713,-0.014024927280843258,0.7539938688278198,0.40841221809387207,-0.03125530853867531,0.7153643369674683,0.3742491900920868,-0.050957415252923965,0.6913017630577087,0.3272581696510315,-0.06964953243732452,0.7953941226005554,0.24936535954475403,-0.011181016452610493,0.7820541858673096,0.1363099217414856,-0.04469272121787071,0.7550380229949951,0.12633970379829407,-0.07380765676498413,0.7306508421897888,0.151864692568779,-0.08950849622488022,0.8235357403755188,0.24319878220558167,-0.019851213321089745,0.8086047768592834,0.11511698365211487,-0.051196277141571045,0.779276967048645,0.10593816637992859,-0.07595042139291763,0.7529784440994263,0.13644438982009888,-0.08890736848115921,0.8547490239143372,0.2517264187335968,-0.03228878229856491,0.8497404456138611,0.12656301259994507,-0.0536675788462162,0.8257082104682922,0.10378977656364441,-0.06727644056081772,0.80154949426651,0.12171632051467896,-0.07340585440397263,0.8899845480918884,0.27820882201194763,-0.046595994383096695,0.8875941038131714,0.18071480095386505,-0.061027854681015015,0.8678804039955139,0.137867733836174,-0.0688914805650711,0.8427702784538269,0.12561547756195068,-0.07233931124210358
C,Right,0.8918414115905762,0.5248551964759827,-2.2105776054104354e-07,0.8408304452896118,0.48038655519485474,-0.017854023724794388,0.7954362034797668,0.417908251285553,-0.03761572763323784,0.757158637046814,0.3813050389289856,-0.059262920171022415,0.7403147220611572,0.32929283380508423,-0.07920590788125992,0.8403953909873962,0.2616577446460724,-0.015471168793737888,0.8298875093460083,0.1583847850561142,-0.05179658904671669,0.8020137548446655,0.16490964591503143,-0.08218030631542206,0.7799341678619385,0.20228391885757446,-0.09859183430671692,0.8687818050384521,0.25405383110046387,-0.022766277194023132,0.8583476543426514,0.13043761253356934,-0.05673663690686226,0.8251596093177795,0.12525686621665955,-0.08137926459312439,0.7962789535522461,0.1604837328195572,-0.09379904717206955,0.9004706144332886,0.26486068964004517,-0.03443136066198349,0.8983075618743896,0.14435690641403198,-0.058002013713121414,0.8709219694137573,0.12610605359077454,-0.07187511771917343,0.8432294130325317,0.14503899216651917,-0.07792417705059052,0.9351990818977356,0.2967051863670349,-0.04829626902937889,0.9386731386184692,0.2029750794172287,-0.06472745537757874,0.9209409952163696,0.15860162675380707,-0.07382262498140335,0.8966851830482483,0.13997361063957214,-0.07795213907957077
C,Right,0.9081401228904724,0.6769125461578369,-7.854694672460028e-08,0.8582836389541626,0.6275644302368164,-0.024612857028841972,0.818730890750885,0.5671599507331848,-0.049012161791324615,0.7840881943702698,0.5382285118103027,-0.07395613193511963,0.7685258984565735,0.48671355843544006,-0.09917066246271133,0.8645707368850708,0.4347521662712097,-0.033411186188459396,0.8622827529907227,0.32587331533432007,-0.07503783702850342,0.8386717438697815,0.3137970268726349,-0.11087629944086075,0.8165972232818604,0.33841821551322937,-0.13223139941692352,0.8949880003929138,0.43797481060028076,-0.04000978171825409,0.8911324739456177,0.3224220275878906,-0.07975289970636368,0.8696690201759338,0.3004622459411621,-0.11532263457775116,0.8454606533050537,0.3091382384300232,-0.13808275759220123,0.9263253211975098,0.455722838640213,-0.05054282769560814,0.9271786212921143,0.347911536693573,-0.08049941062927246,0.9117094278335571,0.3114432096481323,-0.10851646959781647,0.8899500370025635,0.3110039234161377,-0.12652407586574554,0.9591501951217651,0.4910436272621155,-0.06287849694490433,0.9641976952552795,0.408502995967865,-0.08689985424280167,0.9510157108306885,0.3630830645561218,-0.10637491196393967,0.9295922517776489,0.3413965106010437,-0.12005692720413208
C,Right,0.7874889969825745,0.6430855989456177,-1.255447727999126e-07,0.7397143244743347,0.5991759896278381,-0.012896155938506126,0.6962429881095886,0.5413998365402222,-0.030527818948030472,0.6598252654075623,0.5120639204978943,-0.050630439072847366,0.639246940612793,0.4753299951553345,-0.06965238600969315,0.7304700016975403,0.4028863310813904,-0.014461617916822433,0.7187479138374329,0.2935984134674072,-0.04991942644119263,0.6910436153411865,0.28839898109436035,-0.07793663442134857,0.6675398349761963,0.3131685256958008,-0.09229615330696106,0.7530401945114136,0.40639182925224304,-0.023256435990333557,0.7409316301345825,0.28633731603622437,-0.05770266056060791,0.7068400382995605,0.28296396136283875,-0.07974633574485779,0.6789495944976807,0.3115077614784241,-0.08950033783912659,0.7787365317344666,0.42075270414352417,-0.03583288565278053,0.7723159193992615,0.30903011560440063,-0.06078045442700386,0.7416328191757202,0.2955469489097595,-0.07304276525974274,0.7150906324386597,0.3126258850097656,-0.07683758437633514,0.8076722621917725,0.4491150975227356,-0.04999648034572601,0.8075116276741028,0.3605157732963562,-0.06545551866292953,0.7871823906898499,0.3272019922733307,-0.0723457857966423,0.7640485167503357,0.31575971841812134,-0.07460130006074905
C,Right,0.7181260585784912,0.5322040915489197,-2.4733054715397884e-07,0.6627652049064636,0.49547168612480164,-0.008924431167542934,0.6090627908706665,0.42832404375076294,-0.02242455445230007,0.5671536326408386,0.39504945278167725,-0.03996508941054344,0.5438941121101379,0.3591531813144684,-0.055991679430007935,0.6379683613777161,0.2491331845521927,-0.0009156321757473052,0.6137776374816895,0.13366691768169403,-0.034665826708078384,0.5817781686782837,0.13019835948944092,-0.06396829336881638,0.5552945733070374,0.16475960612297058,-0.07952336966991425,0.6596313714981079,0.242547407746315,-0.011599976569414139,0.6334450244903564,0.11356012523174286,-0.040482647716999054,0.5990746021270752,0.11204630136489868,-0.062244076281785965,0.5727715492248535,0.14942674338817596,-0.07363276183605194,0.6868873834609985,0.24988624453544617,-0.02667861431837082,0.672940731048584,0.1220511943101883,-0.04669234901666641,0.6390661001205444,0.11371971666812897,-0.057823967188596725,0.6111354827880859,0.1435597836971283,-0.062409982085227966,0.718315839767456,0.2764461040496826,-0.043777938932180405,0.7109804749488831,0.17483654618263245,-0.05709181725978851,0.6835501194000244,0.1390826553106308,-0.06388860195875168,0.6544820666313171,0.13411220908164978,-0.06663928180932999
C,Right,0.6779505610466003,0.6860236525535583,-2.0632930386454973e-07,0.6248369216918945,0.639780580997467,-0.005825232248753309,0.5776669979095459,0.5746592879295349,-0.020920954644680023,0.5412186980247498,0.546592652797699,-0.04070836305618286,0.5108659267425537,0.5142858028411865,-0.05920814350247383,0.6027455925941467,0.42518186569213867,-0.007100324146449566,0.5819794535636902,0.30555441975593567,-0.04378626495599747,0.5471835136413574,0.30794036388397217,-0.07286148518323898,0.5202309489250183,0.3415502905845642,-0.08779953420162201,0.6226082444190979,0.42655709385871887,-0.02131178043782711,0.6017487049102783,0.28766417503356934,-0.05714067071676254,0.5579741597175598,0.29678183794021606,-0.07860994338989258,0.528530478477478,0.3387354016304016,-0.08767183870077133,0.6441017389297485,0.44075682759284973,-0.039373621344566345,0.6309598088264465,0.31283435225486755,-0.06305934488773346,0.5887308120727539,0.30579206347465515,-0.07313044369220734,0.5587255358695984,0.3300285339355469,-0.0760764628648758,0.6671663522720337,0.4708637297153473,-0.05904199182987213,0.6570904850959778,0.3733256459236145,-0.07247330993413925,0.6263021230697632,0.3427561819553375,-0.07766123116016388,0.5982086658477783,0.3364766240119934,-0.07931829243898392
C,Right,0.5922633409500122,0.5081360936164856,-1.9285610619590443e-07,0.5348026156425476,0.4770207405090332,-8.230795356212184e-05,0.4851294755935669,0.4243506193161011,-0.010301746428012848,0.4441453516483307,0.40541449189186096,-0.02713916450738907,0.41477423906326294,0.36592021584510803,-0.043136291205883026,0.5017924904823303,0.2549300193786621,0.013521019369363785,0.46796298027038574,0.15947632491588593,-0.013629497028887272,0.4331769645214081,0.15564852952957153,-0.03939615562558174,0.4043147563934326,0.17876331508159637,-0.05445578321814537,0.5184372067451477,0.24368485808372498,-0.0033780524972826242,0.4815575182437897,0.12332175672054291,-0.0301718320697546,0.4371902644634247,0.1234612762928009,-0.05221354961395264,0.4038509726524353,0.16218584775924683,-0.06383145600557327,0.5377803444862366,0.24754631519317627,-0.024306170642375946,0.5074684023857117,0.12837189435958862,-0.0421716645359993,0.46292832493782043,0.11995920538902283,-0.05371459200978279,0.42837175726890564,0.14742547273635864,-0.05931617692112923,0.5589896440505981,0.2690725326538086,-0.046848222613334656,0.5428609848022461,0.17656850814819336,-0.05839170515537262,0.5136765837669373,0.13932465016841888,-0.06520042568445206,0.48479121923446655,0.13042519986629486,-0.06883285939693451
C,Right,0.564190149307251,0.6975497007369995,-2.388528912433685e-07,0.4930655360221863,0.6446482539176941,0.012280929833650589,0.44102180004119873,0.5749611854553223,0.006275061517953873,0.39982813596725464,0.5458298325538635,-0.009181489236652851,0.3628427982330322,0.5119136571884155,-0.0238215159624815,0.4601331651210785,0.4226137399673462,0.02359805628657341,0.4279043674468994,0.29994410276412964,-0.004064253065735102,0.38560977578163147,0.2975810468196869,-0.027726279571652412,0.35554933547973633,0.32360851764678955,-0.040811583399772644,0.4782682955265045,0.41770774126052856,-0.0007903279038146138,0.43884193897247314,0.2628529667854309,-0.030161790549755096,0.3865850865840912,0.2764785587787628,-0.04983839765191078,0.3542936444282532,0.32397204637527466,-0.05855941399931908,0.4931146502494812,0.428524911403656,-0.028807375580072403,0.4569310247898102,0.28119558095932007,-0.04791303351521492,0.4032232165336609,0.2804597020149231,-0.05793504789471626,0.36746567487716675,0.3136271834373474,-0.06221460551023483,0.5048518776893616,0.4556802213191986,-0.05741560459136963,0.4794350862503052,0.3534577190876007,-0.06787964701652527,0.4422539472579956,0.3207448720932007,-0.07375016808509827,0.4106878936290741,0.3161333203315735,-0.077313132584095
C,Right,0.4851609766483307,0.6477962732315063,-3.8591326756431954e-07,0.40866923332214355,0.611101508140564,0.024093596264719963,0.35872122645378113,0.5488126873970032,0.022256672382354736,0.3205189108848572,0.5184606313705444,0.010181196965277195,0.28716492652893066,0.493978887796402,-0.0029124661814421415,0.4168839156627655,0.4001593589782715,0.020296631380915642,0.3629053235054016,0.30133920907974243,-0.00037471248651854694,0.31030702590942383,0.2922978401184082,-0.017375750467181206,0.27177274227142334,0.30733174085617065,-0.02670220285654068,0.4308432638645172,0.39487412571907043,-0.0074154105968773365,0.3566618263721466,0.27201515436172485,-0.02768411859869957,0.2957286238670349,0.27477163076400757,-0.04096119850873947,0.26092982292175293,0.30796441435813904,-0.04830384999513626,0.432058185338974,0.40972912311553955,-0.03633571416139603,0.36294448375701904,0.2833307385444641,-0.052522238343954086,0.30067455768585205,0.28261226415634155,-0.05901326239109039,0.26375576853752136,0.31401288509368896,-0.061432845890522,0.41772225499153137,0.4367503821849823,-0.0640057697892189,0.3685886859893799,0.33190715312957764,-0.07616999000310898,0.3234129846096039,0.30554959177970886,-0.08041512221097946,0.2899496257305145,0.3100373148918152,-0.08242533355951309
C,Right,0.4334885776042938,0.687306821346283,-3.9203433743750793e-07,0.35954397916793823,0.6556879281997681,0.030955692753195763,0.3148062825202942,0.5990336537361145,0.03590647876262665,0.27897635102272034,0.5787793397903442,0.03209443390369415,0.25142186880111694,0.5623687505722046,0.027486266568303108,0.35818153619766235,0.45311954617500305,0.025359615683555603,0.30788329243659973,0.3768714666366577,0.012335484847426414,0.2627214789390564,0.37742823362350464,0.0010135836200788617,0.2260129749774933,0.39920273423194885,-0.004983500111848116,0.36735206842422485,0.4569259583950043,0.0006153862341307104,0.29692885279655457,0.3530328869819641,-0.014465692453086376,0.24796226620674133,0.363556444644928,-0.024288533255457878,0.21649494767189026,0.40066587924957275,-0.029210802167654037,0.3677367568016052,0.4790390729904175,-0.023431845009326935,0.30627620220184326,0.3755965828895569,-0.031649939715862274,0.25594642758369446,0.3715529441833496,-0.03608538582921028,0.22074037790298462,0.39464759826660156,-0.03860817477107048,0.355594277381897,0.5116698741912842,-0.045176953077316284,0.3106048107147217,0.4364825189113617,-0.04983426257967949,0.2750197649002075,0.4093484878540039,-0.0525287464261055,0.24546518921852112,0.40150266885757446,-0.0547359324991703
C,Right,0.5041279792785645,0.5664190053939819,-4.0940764733932156e-07,0.44358348846435547,0.5166477560997009,0.015143616124987602,0.39801719784736633,0.44038552045822144,0.013715067878365517,0.359925240278244,0.3965635299682617,0.0022000190801918507,0.32868871092796326,0.3516300618648529,-0.008401229046285152,0.42864277958869934,0.27631673216819763,0.03399498760700226,0.3987760543823242,0.15587742626667023,0.012014537118375301,0.35894566774368286,0.14954926073551178,-0.009113448671996593,0.33034956455230713,0.1782529056072235,-0.02014448121190071,0.4438616931438446,0.26592957973480225,0.011710267513990402,0.40382713079452515,0.13101978600025177,-0.008148453198373318,0.3569463789463043,0.13713617622852325,-0.024518169462680817,0.3298639953136444,0.18415214121341705,-0.03274207189679146,0.45539191365242004,0.2689981460571289,-0.014267516322433949,0.4209698438644409,0.13830649852752686,-0.0265989750623703,0.37318411469459534,0.14011137187480927,-0.03345268964767456,0.3439660668373108,0.17974361777305603,-0.03660126402974129,0.4649413824081421,0.2807603180408478,-0.04084513708949089,0.43980854749679565,0.17587429285049438,-0.04805758222937584,0.40489673614501953,0.15109030902385712,-0.050952356308698654,0.37772420048713684,0.16151398420333862,-0.05208207666873932
C,Right,0.41366851329803467,0.5116461515426636,-4.2804504118976183e-07,0.3497105836868286,0.47379636764526367,0.042291298508644104,0.3123563528060913,0.41364943981170654,0.05428767576813698,0.27875852584838867,0.3822939097881317,0.0512135773897171,0.24605759978294373,0.3483663499355316,0.046515509486198425,0.35872164368629456,0.27049440145492554,0.06820004433393478,0.31772303581237793,0.1849033087491989,0.06696145981550217,0.2763137221336365,0.18047510087490082,0.05765647441148758,0.24552831053733826,0.19649112224578857,0.05163171514868736,0.3700047433376312,0.25288042426109314,0.03514046221971512,0.3153632879257202,0.15028829872608185,0.0377156138420105,0.2625715136528015,0.14724746346473694,0.030166056007146835,0.2301400899887085,0.174165278673172,0.023112008348107338,0.37069225311279297,0.25413113832473755,0.0003495597920846194,0.3200747072696686,0.14324221014976501,0.0025304253213107586,0.2674503028392792,0.13897711038589478,-0.0002088077599182725,0.23466256260871887,0.16433225572109222,-0.004287486430257559,0.3584772050380707,0.2647115886211395,-0.032749805599451065,0.3238165080547333,0.162101149559021,-0.03032427653670311,0.2859377861022949,0.1468210369348526,-0.027435582131147385,0.256663978099823,0.16528619825839996,-0.027177028357982635
C,Right,0.4086128771305084,0.6226528286933899,-3.8849202610435896e-07,0.34269779920578003,0.5883249044418335,0.023174606263637543,0.30640238523483276,0.5248907804489136,0.027140246704220772,0.2748524844646454,0.4905202388763428,0.021851610392332077,0.24481824040412903,0.4605041742324829,0.017131322994828224,0.34873396158218384,0.3778446614742279,0.03432988002896309,0.30531296133995056,0.285658597946167,0.01999633014202118,0.2597312331199646,0.28186357021331787,0.007067968603223562,0.23319286108016968,0.30850282311439514,0.0016160677187144756,0.3585112988948822,0.3671780526638031,0.012587455101311207,0.30298203229904175,0.2576393485069275,0.0018826439045369625,0.2509266138076782,0.2653194069862366,-0.005815696436911821,0.2258307933807373,0.3025268614292145,-0.00912955217063427,0.3582875430583954,0.37264275550842285,-0.011344362050294876,0.30569010972976685,0.26186758279800415,-0.02021927386522293,0.25272074341773987,0.26657208800315857,-0.023782525211572647,0.22609326243400574,0.30246874690055847,-0.024149149656295776,0.3450392782688141,0.38939106464385986,-0.03433429077267647,0.3047026991844177,0.2959885597229004,-0.03840748220682144,0.26650816202163696,0.286309152841568,-0.037791427224874496,0.2421017289161682,0.30982547998428345,-0.03626774251461029
C,Right,0.5315121412277222,0.6931450366973877,-2.0949221379851224e-07,0.477207750082016,0.6473755836486816,0.002985416678711772,0.43438592553138733,0.5784177184104919,-0.005937877111136913,0.40010178089141846,0.5474072694778442,-0.020873358473181725,0.3712325692176819,0.5164002180099487,-0.03494918718934059,0.4629874527454376,0.45376262068748474,0.005219004116952419,0.43831923604011536,0.347582072019577,-0.022014200687408447,0.39972952008247375,0.3453631103038788,-0.04378470405936241,0.3706604540348053,0.3703797459602356,-0.055478285998106,0.47902435064315796,0.45583057403564453,-0.012134196236729622,0.4499093294143677,0.32067281007766724,-0.04092299938201904,0.4020082950592041,0.3309897184371948,-0.05881376937031746,0.3721640408039093,0.3740738034248352,-0.06610190123319626,0.4921060800552368,0.47178956866264343,-0.03235672041773796,0.4667517840862274,0.3483739197254181,-0.05204319208860397,0.41928261518478394,0.34222784638404846,-0.06175379082560539,0.3872363269329071,0.36686328053474426,-0.06509514153003693,0.5008772611618042,0.5012775659561157,-0.053221650421619415,0.4804096221923828,0.41442424058914185,-0.06407875567674637,0.449677437543869,0.3854072391986847,-0.06885294616222382,0.42438554763793945,0.38104772567749023,-0.07098470628261566
C,Right,0.5759705305099487,0.5496912002563477,-2.1473607603184064e-07,0.5269226431846619,0.5166673064231873,-0.0022788967471569777,0.48207783699035645,0.4474276304244995,-0.008747056126594543,0.4499017596244812,0.40995702147483826,-0.019948290660977364,0.4199254810810089,0.3805057108402252,-0.02983343042433262,0.5056923031806946,0.29865914583206177,0.009470625780522823,0.48960739374160767,0.19620530307292938,-0.014916963875293732,0.46111875772476196,0.19643613696098328,-0.036250390112400055,0.43955397605895996,0.2247629165649414,-0.04765482619404793,0.5235315561294556,0.2913944125175476,-0.0028502116911113262,0.5086184144020081,0.16888396441936493,-0.028372542932629585,0.4706383943557739,0.17699547111988068,-0.04601422697305679,0.4445173144340515,0.22161953151226044,-0.05302415043115616,0.5437998175621033,0.2977268099784851,-0.018767358735203743,0.5337039232254028,0.1828310191631317,-0.03543558344244957,0.49607548117637634,0.1777670979499817,-0.044847745448350906,0.4682145118713379,0.20464837551116943,-0.04797055199742317,0.5661004781723022,0.3207584023475647,-0.03616342321038246,0.5631157755851746,0.23223137855529785,-0.04497678950428963,0.5425063967704773,0.2006930261850357,-0.04954967647790909,0.5232461094856262,0.19401638209819794,-0.05126584321260452
C,Right,0.5789338946342468,0.49278712272644043,-2.2339493455092452e-07,0.5307625532150269,0.4593106806278229,-0.008063732646405697,0.48611971735954285,0.4028204679489136,-0.017380334436893463,0.45113950967788696,0.3687833547592163,-0.03054949641227722,0.424298495054245,0.33189061284065247,-0.04179924353957176,0.5093372464179993,0.2557849586009979,0.00717157032340765,0.49221038818359375,0.16206884384155273,-0.01734795980155468,0.46461573243141174,0.1609053909778595,-0.03923511505126953,0.44474273920059204,0.1856989711523056,-0.051269643008708954,0.5265159010887146,0.2429541051387787,-0.002223058370873332,0.5102722644805908,0.12864893674850464,-0.02724616974592209,0.4752752184867859,0.13346557319164276,-0.045440513640642166,0.4512360394001007,0.1743946671485901,-0.0534648671746254,0.5460034012794495,0.2417764663696289,-0.015837306156754494,0.5360385775566101,0.13182953000068665,-0.032784681767225266,0.500342071056366,0.12527181208133698,-0.04310913383960724,0.4737865924835205,0.15361493825912476,-0.04689501225948334,0.569307804107666,0.25509342551231384,-0.03149130195379257,0.5621010065078735,0.1692088544368744,-0.04088873788714409,0.5384373068809509,0.14412137866020203,-0.04611216485500336,0.5161747336387634,0.14919795095920563,-0.048162855207920074
D,Left,0.3293987810611725,0.686644434928894,4.509671924779468e-08,0.36983051896095276,0.6588579416275024,-0.018397748470306396,0.39169156551361084,0.6020420789718628,-0.029457971453666687,0.3950956463813782,0.5483312606811523,-0.041590336710214615,0.3865959942340851,0.49663370847702026,-0.05339476093649864,0.4026901125907898,0.46599557995796204,-0.013701020739972591,0.42055249214172363,0.3658379018306732,-0.03111484833061695,0.4280729591846466,0.3023988604545593,-0.043883536010980606,0.43297669291496277,0.24598833918571472,-0.05352319777011871,0.37064436078071594,0.46085649728775024,-0.017925258725881577,0.3795197010040283,0.3620980679988861,-0.04869384318590164,0.37462517619132996,0.423711895942688,-0.06184021010994911,0.3728516101837158,0.4812033474445343,-0.06318890303373337,0.33921921253204346,0.47358977794647217,-0.023838771507143974,0.3432045876979828,0.39632126688957214,-0.0529254749417305,0.3458729684352875,0.46243029832839966,-0.05206283554434776,0.3483721613883972,0.5198115706443787,-0.04327201470732689,0.31082746386528015,0.5024213790893555,-0.03127749264240265,0.316442608833313,0.44818609952926636,-0.05027133226394653,0.32460322976112366,0.4897252321243286,-0.04624609276652336,0.32944437861442566,0.5324701070785522,-0.03821609169244766
D,Left,0.17233002185821533,0.6880909204483032,9.359497710192954e-08,0.21572983264923096,0.6366443634033203,-0.04197749122977257,0.2351999133825302,0.5477182269096375,-0.06275977194309235,0.22804726660251617,0.46876445412635803,-0.0826563611626625,0.21694976091384888,0.3872672915458679,-0.10214947909116745,0.23970234394073486,0.37867045402526855,-0.0298914797604084,0.2479047328233719,0.24029304087162018,-0.05435759574174881,0.2497577965259552,0.15216064453125,-0.07411962002515793,0.24969711899757385,0.07931280136108398,-0.08976716548204422,0.1928967982530594,0.3755607306957245,-0.02802915871143341,0.18629102408885956,0.2521825432777405,-0.0710778683423996,0.18263877928256989,0.3243507146835327,-0.09711774438619614,0.1850355565547943,0.3906227648258209,-0.10732145607471466,0.1485757827758789,0.3929925560951233,-0.03010386787354946,0.13703621923923492,0.27614229917526245,-0.06882070749998093,0.14294582605361938,0.33284062147140503,-0.08299284428358078,0.1512349396944046,0.4043436348438263,-0.0845772847533226,0.10937772691249847,0.4276258051395416,-0.035716135054826736,0.09527508914470673,0.3308502435684204,-0.06327319890260696,0.10394884645938873,0.350243479013443,-0.07185833156108856,0.11362285912036896,0.3962133824825287,-0.07343561947345734
D,Left,0.2360394150018692,0.6722831726074219,5.403556357919115e-08,0.27229148149490356,0.634075939655304,-0.02342030592262745,0.2892338037490845,0.5629529356956482,-0.03296458348631859,0.2849259674549103,0.5044968128204346,-0.04300858452916145,0.2715383470058441,0.4502812922000885,-0.05302999168634415,0.28016459941864014,0.44102901220321655,-0.011324471794068813,0.2868061065673828,0.34074702858924866,-0.025396309792995453,0.2888290584087372,0.2806013822555542,-0.03830079734325409,0.2887415289878845,0.22839365899562836,-0.048915911465883255,0.24969901144504547,0.44212087988853455,-0.012039288878440857,0.2460286021232605,0.3523164391517639,-0.03923937305808067,0.2491186559200287,0.39480435848236084,-0.05756661295890808,0.2526680529117584,0.441486120223999,-0.06543422490358353,0.22055400907993317,0.45802241563796997,-0.015180093236267567,0.21374432742595673,0.3707764744758606,-0.04015816003084183,0.2230895310640335,0.40701621770858765,-0.0497610904276371,0.23084259033203125,0.4593874216079712,-0.05094386637210846,0.19357669353485107,0.4853953421115875,-0.020482975989580154,0.1881072074174881,0.41088566184043884,-0.0392645001411438,0.1972791850566864,0.42384064197540283,-0.045023318380117416,0.20475023984909058,0.45989832282066345,-0.045929841697216034
D,Left,0.32073354721069336,0.6471913456916809,4.845227152827647e-08,0.35563933849334717,0.6099556684494019,-0.01540958508849144,0.3754689693450928,0.539524495601654,-0.02294287644326687,0.3840695917606354,0.4863414168357849,-0.03203262388706207,0.38140246272087097,0.44065427780151367,-0.04123144969344139,0.3703632950782776,0.41785192489624023,-0.009664853103458881,0.3801296055316925,0.3211812973022461,-0.02387373149394989,0.3848637342453003,0.2630387544631958,-0.034780748188495636,0.38625240325927734,0.212332084774971,-0.043148525059223175,0.3418675661087036,0.4182724356651306,-0.014151663519442081,0.34363552927970886,0.32480043172836304,-0.041659072041511536,0.3550698459148407,0.3726661503314972,-0.05570890009403229,0.36129117012023926,0.4262453615665436,-0.05910731479525566,0.3145364820957184,0.4332432150840759,-0.020235367119312286,0.31412774324417114,0.3492067754268646,-0.04449399560689926,0.3310191333293915,0.3903607726097107,-0.048764120787382126,0.3401707112789154,0.44334158301353455,-0.045405883342027664,0.28776460886001587,0.45829877257347107,-0.027910489588975906,0.2894212603569031,0.384102463722229,-0.045402344316244125,0.30529898405075073,0.3994484543800354,-0.04733427241444588,0.31512561440467834,0.43476012349128723,-0.04478783160448074
D,Left,0.4082750082015991,0.5769757032394409,1.2360835910385504e-07,0.44327297806739807,0.551447868347168,-0.018954137340188026,0.47072139382362366,0.4945296347141266,-0.028118053451180458,0.48896530270576477,0.4389897584915161,-0.03849559277296066,0.48470020294189453,0.38280460238456726,-0.04861617833375931,0.4649199843406677,0.37526822090148926,-0.006599301937967539,0.48031625151634216,0.2809906601905823,-0.019808324053883553,0.4881898760795593,0.22685018181800842,-0.03053450584411621,0.49191775918006897,0.17928555607795715,-0.038706790655851364,0.4410720765590668,0.3686503767967224,-0.008305072784423828,0.45110762119293213,0.2865365445613861,-0.03568321093916893,0.46350952982902527,0.3317115008831024,-0.05129106715321541,0.4670967161655426,0.38229838013648987,-0.05571593716740608,0.4166870713233948,0.37415075302124023,-0.012256140820682049,0.42151761054992676,0.2962886095046997,-0.035848017781972885,0.43898817896842957,0.33733460307121277,-0.04233714938163757,0.4463285803794861,0.3888826370239258,-0.04066004231572151,0.39066123962402344,0.3880889117717743,-0.018188687041401863,0.40039122104644775,0.32658788561820984,-0.03507155552506447,0.417984277009964,0.3455960750579834,-0.0392707958817482,0.42783939838409424,0.38075506687164307,-0.03857799246907234
D,Left,0.3185821771621704,0.7950330376625061,3.5430563372074175e-08,0.3625728487968445,0.7481808066368103,-0.023076321929693222,0.386658638715744,0.6607749462127686,-0.03452999144792557,0.39419013261795044,0.5924928188323975,-0.04791317880153656,0.38620132207870483,0.5295659303665161,-0.06127206236124039,0.3818686604499817,0.4973565936088562,-0.013701672665774822,0.39250892400741577,0.3693791627883911,-0.0329727940261364,0.39503657817840576,0.29042696952819824,-0.04782765731215477,0.3942511975765228,0.22069036960601807,-0.059593938291072845,0.345289945602417,0.4976174533367157,-0.01883808895945549,0.3447260856628418,0.38312312960624695,-0.05796360597014427,0.35431405901908875,0.4477362632751465,-0.07847626507282257,0.361240029335022,0.5145695805549622,-0.08374948054552078,0.3095167279243469,0.515719473361969,-0.026315754279494286,0.3061043620109558,0.4161239266395569,-0.061293669044971466,0.32542580366134644,0.47805702686309814,-0.06794483214616776,0.3374856412410736,0.547756552696228,-0.06342244893312454,0.2749154567718506,0.5470832586288452,-0.035992082208395004,0.2718839943408966,0.4599331319332123,-0.06022501736879349,0.28971192240715027,0.49174728989601135,-0.06261374801397324,0.3020080626010895,0.5427248477935791,-0.05887427181005478
D,Left,0.2910008132457733,0.6226592063903809,2.4005410992344878e-08,0.33326372504234314,0.5795810222625732,-0.020218435674905777,0.35375043749809265,0.4894907474517822,-0.02754369005560875,0.36004528403282166,0.41052359342575073,-0.03623079136013985,0.35245344042778015,0.3422486186027527,-0.044589098542928696,0.35528749227523804,0.34577733278274536,-0.005627056118100882,0.36883804202079773,0.22744037210941315,-0.02052285149693489,0.3741413652896881,0.15496745705604553,-0.03257424011826515,0.3745509684085846,0.09359577298164368,-0.04224236682057381,0.3212227523326874,0.3392040729522705,-0.008884125389158726,0.32463645935058594,0.21952658891677856,-0.038417793810367584,0.3294866681098938,0.27901220321655273,-0.053513843566179276,0.3318309783935547,0.3397004306316376,-0.056696608662605286,0.2876088619232178,0.3515094816684723,-0.014783437363803387,0.2840407192707062,0.2426946759223938,-0.04255782067775726,0.29550379514694214,0.29266464710235596,-0.04717232659459114,0.30124059319496155,0.3536187708377838,-0.04297048598527908,0.25425347685813904,0.37694796919822693,-0.022761469706892967,0.25140050053596497,0.28386640548706055,-0.04328944906592369,0.2633868157863617,0.3048114776611328,-0.04537453129887581,0.2693983316421509,0.3489457964897156,-0.042325034737586975
D,Left,0.3272620737552643,0.5374919772148132,4.904940809069558e-08,0.36033564805984497,0.5054776072502136,-0.016285162419080734,0.3772086799144745,0.4375240206718445,-0.02271503396332264,0.3825843930244446,0.3765179216861725,-0.030050767585635185,0.37928062677383423,0.32247430086135864,-0.03701523318886757,0.37514615058898926,0.3301878273487091,-0.005379394628107548,0.384402334690094,0.23860740661621094,-0.01717652939260006,0.38806775212287903,0.1822679042816162,-0.026229120790958405,0.38862746953964233,0.13479368388652802,-0.033304911106824875,0.35037675499916077,0.3265191912651062,-0.007353646215051413,0.355160653591156,0.23383650183677673,-0.031170733273029327,0.35809326171875,0.27310439944267273,-0.04316861182451248,0.3588132858276367,0.3194659650325775,-0.0453529991209507,0.3257669508457184,0.3360646963119507,-0.011270235292613506,0.3239757716655731,0.25154438614845276,-0.03251112252473831,0.33313295245170593,0.28466689586639404,-0.03534598648548126,0.33904680609703064,0.3307718336582184,-0.031388767063617706,0.3007484972476959,0.35509857535362244,-0.01692729815840721,0.3000214695930481,0.28707772493362427,-0.032460931688547134,0.31027427315711975,0.2954585552215576,-0.03414034843444824,0.31748998165130615,0.32324501872062683,-0.03160403296351433
D,Left,0.16645359992980957,0.5431913137435913,5.902441202465525e-08,0.19700561463832855,0.5002381801605225,-0.02446034736931324,0.21004986763000488,0.42792513966560364,-0.03431640565395355,0.1986437439918518,0.3658105134963989,-0.04393616318702698,0.1801939606666565,0.31862491369247437,-0.052973825484514236,0.20926231145858765,0.33161720633506775,-0.00847319420427084,0.21450026333332062,0.2425350546836853,-0.022831467911601067,0.21218249201774597,0.1846310943365097,-0.03463341295719147,0.20938552916049957,0.1374916285276413,-0.04367818683385849,0.18032562732696533,0.32648965716362,-0.007301211357116699,0.1774955540895462,0.23875704407691956,-0.034271713346242905,0.1724114865064621,0.28118202090263367,-0.05013043060898781,0.17312246561050415,0.32525330781936646,-0.05446527898311615,0.15204523503780365,0.33466610312461853,-0.009007528424263,0.14612120389938354,0.2570272386074066,-0.03447946533560753,0.14731952548027039,0.29493775963783264,-0.04219657927751541,0.15163524448871613,0.3426618278026581,-0.04040073603391647,0.12486089766025543,0.3542083501815796,-0.012866930104792118,0.11670421063899994,0.28724879026412964,-0.030831363052129745,0.12235494703054428,0.30185726284980774,-0.03481525927782059,0.13069875538349152,0.3362666666507721,-0.033407002687454224
D,Left,0.30494487285614014,0.6508462429046631,2.4600716130862565e-08,0.3353390693664551,0.6233930587768555,-0.008111895062029362,0.3595234155654907,0.5664889216423035,-0.012135968543589115,0.37493574619293213,0.5131776928901672,-0.01830935664474964,0.36824294924736023,0.47266578674316406,-0.024737844243645668,0.356237530708313,0.4809393286705017,-0.0026890162844210863,0.3703501522541046,0.40202414989471436,-0.013353069312870502,0.37729424238204956,0.3556976914405823,-0.020245978608727455,0.3814634084701538,0.3139228820800781,-0.02539953403174877,0.33609992265701294,0.47772979736328125,-0.007828745990991592,0.34586769342422485,0.4094404876232147,-0.03156661614775658,0.35181236267089844,0.45712727308273315,-0.040254198014736176,0.35189682245254517,0.5031163692474365,-0.03956275060772896,0.3141426146030426,0.4847644567489624,-0.01400962844491005,0.32290732860565186,0.4256187081336975,-0.03697352856397629,0.3340809643268585,0.4785733222961426,-0.03580222651362419,0.336978942155838,0.5245924592018127,-0.02796846069395542,0.2901307940483093,0.4989948272705078,-0.020912250503897667,0.30183106660842896,0.4536580741405487,-0.03708605468273163,0.31400367617607117,0.4860571026802063,-0.03489130362868309,0.31769272685050964,0.5208696722984314,-0.028760142624378204
D,Left,0.3236329257488251,0.6909785270690918,9.681393464688881e-09,0.3670714795589447,0.6526546478271484,-0.01548097189515829,0.4000745415687561,0.5735757350921631,-0.02315998449921608,0.4170988202095032,0.5072116851806641,-0.03294539079070091,0.4088263213634491,0.45635315775871277,-0.04241495579481125,0.39685025811195374,0.4494357705116272,-0.008093212731182575,0.410007506608963,0.3423921465873718,-0.024845682084560394,0.4155349135398865,0.2790134847164154,-0.03588943928480148,0.41832754015922546,0.22222203016281128,-0.04422377422451973,0.3669937551021576,0.45014703273773193,-0.013472158461809158,0.3754744231700897,0.3672407567501068,-0.04886028915643692,0.3811708092689514,0.4345223605632782,-0.06164579838514328,0.3822907507419586,0.4965415298938751,-0.06116575002670288,0.33599674701690674,0.46445509791374207,-0.020788289606571198,0.34243786334991455,0.3874754309654236,-0.05473291128873825,0.3565080463886261,0.45815297961235046,-0.0542798712849617,0.36341047286987305,0.5199373960494995,-0.0441010482609272,0.30424052476882935,0.4892805814743042,-0.02944796532392502,0.3137560188770294,0.43484216928482056,-0.05425238981842995,0.3295561373233795,0.47960731387138367,-0.053434811532497406,0.33800870180130005,0.5249476432800293,-0.04625008627772331
D,Left,0.44570961594581604,0.6532256007194519,9.700433167836309e-08,0.48319491744041443,0.6148855686187744,-0.01552871335297823,0.5128704309463501,0.5507420301437378,-0.02501271851360798,0.536145031452179,0.4931129217147827,-0.03702032193541527,0.5412063002586365,0.4332301616668701,-0.04861084371805191,0.5014682412147522,0.4302138090133667,-0.0064307767897844315,0.5133004784584045,0.3286208510398865,-0.023359421640634537,0.5211014747619629,0.2703213691711426,-0.034361425787210464,0.5261353850364685,0.21818678081035614,-0.04191548004746437,0.4776581823825836,0.4302999973297119,-0.011206620372831821,0.49330934882164,0.35607975721359253,-0.04484318941831589,0.5059472918510437,0.4163857102394104,-0.0579531192779541,0.5093655586242676,0.47334223985671997,-0.05811098590493202,0.4521583020687103,0.44311168789863586,-0.018212707713246346,0.4647602140903473,0.37741267681121826,-0.050711873918771744,0.4842722713947296,0.44321683049201965,-0.05121287330985069,0.49314823746681213,0.5014013648033142,-0.04189344123005867,0.42456555366516113,0.46592018008232117,-0.026556378230452538,0.4410492479801178,0.42080289125442505,-0.05006607621908188,0.4616016745567322,0.46013563871383667,-0.049989476799964905,0.47222018241882324,0.5011342763900757,-0.04335034638643265
D,Left,0.5425219535827637,0.6446719765663147,1.6319440021561604e-07,0.5862782001495361,0.6003137230873108,-0.010451721958816051,0.6208520531654358,0.5407261848449707,-0.019360391423106194,0.6481309533119202,0.49281588196754456,-0.032314807176589966,0.66322922706604,0.44377702474594116,-0.044954463839530945,0.5978385806083679,0.4243684411048889,-0.00022429235104937106,0.6126836538314819,0.32741665840148926,-0.016846228390932083,0.6245189905166626,0.2712554931640625,-0.028833165764808655,0.631033718585968,0.22005906701087952,-0.037223972380161285,0.5788000226020813,0.42538872361183167,-0.007662428077310324,0.6041702032089233,0.35838091373443604,-0.03924982622265816,0.6282732486724854,0.41235116124153137,-0.05353642627596855,0.6357022523880005,0.46538111567497253,-0.05580773577094078,0.5588902235031128,0.43691563606262207,-0.017363496124744415,0.5838160514831543,0.37536942958831787,-0.047193147242069244,0.6088293790817261,0.43488776683807373,-0.04876221343874931,0.6177247762680054,0.49271079897880554,-0.041089411824941635,0.536729633808136,0.45873206853866577,-0.02830543927848339,0.5633061528205872,0.4146456718444824,-0.04901145026087761,0.587847113609314,0.4466037154197693,-0.04967012628912926,0.5997574925422668,0.4854220747947693,-0.04437107965350151
D,Left,0.40037107467651367,0.52571040391922,4.5132729553643e-08,0.43721261620521545,0.49152326583862305,-0.015133775770664215,0.4656733274459839,0.4239703416824341,-0.023351892828941345,0.48631298542022705,0.3622661828994751,-0.03355661407113075,0.4899168610572815,0.3012671172618866,-0.04327404499053955,0.4615199565887451,0.311239093542099,-0.006821897812187672,0.4751370847225189,0.21148139238357544,-0.021849283948540688,0.48038557171821594,0.152785986661911,-0.03159359097480774,0.48161953687667847,0.10174214839935303,-0.03854545205831528,0.43653538823127747,0.30854490399360657,-0.010977803729474545,0.44925352931022644,0.22683769464492798,-0.04134398326277733,0.45893722772598267,0.28379467129707336,-0.053440771996974945,0.4594741761684418,0.3385918438434601,-0.05381676182150841,0.4103737473487854,0.31927841901779175,-0.017063813284039497,0.4201574921607971,0.24320557713508606,-0.04619670659303665,0.4374118745326996,0.3044029474258423,-0.04654548317193985,0.4436538815498352,0.3603823184967041,-0.038314089179039,0.38282960653305054,0.33991649746894836,-0.024440879002213478,0.3988518714904785,0.28380897641181946,-0.04504768177866936,0.41765671968460083,0.3168644309043884,-0.04444657638669014,0.4255061745643616,0.3556070923805237,-0.03853752091526985
D,Left,0.21845196187496185,0.6413086652755737,2.8637316518143052e-08,0.24620981514453888,0.6014967560768127,-0.019085485488176346,0.25922900438308716,0.5386558175086975,-0.02633502706885338,0.25802990794181824,0.4757494628429413,-0.03394941985607147,0.24470005929470062,0.4273150861263275,-0.04057261347770691,0.264136403799057,0.44692808389663696,-0.0005754175363108516,0.27008694410324097,0.3664819896221161,-0.010207210667431355,0.2698974013328552,0.3169347643852234,-0.01837284490466118,0.26836538314819336,0.27639898657798767,-0.024919170886278152,0.23809775710105896,0.44672369956970215,0.00033001124393194914,0.23237378895282745,0.3826637268066406,-0.020184103399515152,0.23046265542507172,0.42674720287323,-0.02971070632338524,0.23224937915802002,0.46293291449546814,-0.030592599883675575,0.21368026733398438,0.4589540362358093,-0.0014303149655461311,0.20752055943012238,0.398651123046875,-0.0218217596411705,0.21227245032787323,0.4425426721572876,-0.02207176946103573,0.2159489393234253,0.4832555055618286,-0.016297800466418266,0.19148364663124084,0.48145127296447754,-0.005216238554567099,0.1891644150018692,0.43345171213150024,-0.020218120887875557,0.1951046884059906,0.4600154161453247,-0.019006729125976562,0.19976192712783813,0.4933534264564514,-0.013898632489144802
D,Right,0.849117636680603,0.8144950866699219,8.34596747267824e-08,0.8201324939727783,0.7313162684440613,-0.028163708746433258,0.8112536072731018,0.6276951432228088,-0.0408182330429554,0.8190046548843384,0.5371158719062805,-0.05492826923727989,0.8442332148551941,0.46848928928375244,-0.06761946529150009,0.8278048634529114,0.5230097770690918,-0.0001431594864698127,0.8308287858963013,0.40968266129493713,-0.02064339630305767,0.8367152810096741,0.3345125913619995,-0.03783458098769188,0.846464991569519,0.2727576792240143,-0.050934795290231705,0.8640807271003723,0.5366320013999939,-0.001688686665147543,0.8827546834945679,0.41397374868392944,-0.03939877822995186,0.871001124382019,0.45875608921051025,-0.0608086995780468,0.8596417307853699,0.5125059485435486,-0.06615716964006424,0.8983330130577087,0.5667975544929504,-0.00790890771895647,0.9192302227020264,0.461838036775589,-0.04457193240523338,0.8971086740493774,0.5028626322746277,-0.05504097789525986,0.8772286772727966,0.5602266192436218,-0.05153246596455574,0.9295620918273926,0.6127483248710632,-0.016669919714331627,0.9470840692520142,0.5295836329460144,-0.04069934040307999,0.9306278824806213,0.5384490489959717,-0.046541884541511536,0.9108388423919678,0.5750553607940674,-0.04528391361236572
D,Right,0.7752284407615662,0.7908077239990234,-7.869505225244211e-08,0.7368027567863464,0.7223138809204102,-0.02271299809217453,0.7170847058296204,0.6232138872146606,-0.03389917314052582,0.7068297863006592,0.5418301820755005,-0.04766160994768143,0.7260169982910156,0.47977930307388306,-0.0603950172662735,0.7457984685897827,0.5241303443908691,-0.0015117762377485633,0.7406176924705505,0.4055527448654175,-0.02346302941441536,0.7349436283111572,0.3329050540924072,-0.03913282975554466,0.7385127544403076,0.2699398100376129,-0.050651807337999344,0.7769268751144409,0.5299107432365417,-0.006201886106282473,0.7838915586471558,0.40921998023986816,-0.045297764241695404,0.7587829232215881,0.4625329375267029,-0.06148802489042282,0.745363712310791,0.5199374556541443,-0.06226029992103577,0.8071707487106323,0.5516070127487183,-0.015406228601932526,0.817924976348877,0.445980429649353,-0.05169793590903282,0.788601815700531,0.49317288398742676,-0.05736121907830238,0.7727983593940735,0.5491876006126404,-0.05045824125409126,0.8364066481590271,0.5876424908638,-0.026934055611491203,0.8434754014015198,0.5008816123008728,-0.04966936260461807,0.8193440437316895,0.5203792452812195,-0.052375830709934235,0.8025781512260437,0.562970757484436,-0.04887223616242409
D,Right,0.8276322484016418,0.6081548929214478,1.2931390358517092e-07,0.7972166538238525,0.5361884832382202,-0.03006761334836483,0.7830036878585815,0.44234052300453186,-0.04359520226716995,0.7850450873374939,0.3537463843822479,-0.0574604794383049,0.8076737523078918,0.286521852016449,-0.06960226595401764,0.7891009449958801,0.3433960974216461,-0.0025651040486991405,0.7855322360992432,0.23321107029914856,-0.021302545443177223,0.7878127098083496,0.16162534058094025,-0.037309978157281876,0.7948768734931946,0.10350757837295532,-0.04967517405748367,0.8236848711967468,0.34977811574935913,-0.00146299391053617,0.8371309638023376,0.23577246069908142,-0.03792090341448784,0.8299229145050049,0.28137868642807007,-0.05949597433209419,0.8220296502113342,0.33319810032844543,-0.06538450717926025,0.8562735915184021,0.36956438422203064,-0.004763314034789801,0.872981607913971,0.26964420080184937,-0.03934069722890854,0.8586790561676025,0.3050941526889801,-0.05174686387181282,0.8450380563735962,0.3598746359348297,-0.05052326247096062,0.8854929804801941,0.40330246090888977,-0.01057975273579359,0.9008820652961731,0.32990363240242004,-0.033630095422267914,0.89627605676651,0.33270561695098877,-0.04187246412038803,0.8888841271400452,0.361704558134079,-0.042693398892879486
D,Right,0.6546880006790161,0.5714318156242371,-9.813305013040008e-08,0.6135099530220032,0.5186757445335388,-0.015008995309472084,0.5872644186019897,0.43642041087150574,-0.023067757487297058,0.5729957818984985,0.3660796880722046,-0.03461631014943123,0.5822627544403076,0.30276384949684143,-0.044974058866500854,0.6099013090133667,0.3435686230659485,0.004890731070190668,0.597457230091095,0.23674777150154114,-0.011988749727606773,0.5873492956161499,0.1750708520412445,-0.023664657026529312,0.5852339863777161,0.11961297690868378,-0.032360099256038666,0.6353146433830261,0.3439196050167084,-0.0015011094510555267,0.6297647953033447,0.2357107549905777,-0.034133803099393845,0.6101094484329224,0.2887289226055145,-0.046880681067705154,0.6037396788597107,0.3427557945251465,-0.04645445942878723,0.6610739827156067,0.35682472586631775,-0.011614815331995487,0.6592400074005127,0.26140251755714417,-0.04067361727356911,0.6357150077819824,0.3099161684513092,-0.043006595224142075,0.627295196056366,0.3609270453453064,-0.03555265814065933,0.6886139512062073,0.38083675503730774,-0.023613860830664635,0.6849976778030396,0.30329999327659607,-0.04033506289124489,0.6623327136039734,0.32246530055999756,-0.040540050715208054,0.6498104333877563,0.3596307039260864,-0.03622082248330116
D,Right,0.6149084568023682,0.730205237865448,-1.5871381719989586e-07,0.5850040316581726,0.6865466833114624,-0.018585268408060074,0.5608558058738708,0.6054813861846924,-0.030025506392121315,0.5423307418823242,0.5457220673561096,-0.04356704652309418,0.53856360912323,0.48517003655433655,-0.05626865476369858,0.5860421061515808,0.49740687012672424,-0.009769921191036701,0.5765015482902527,0.388302206993103,-0.031161189079284668,0.5646186470985413,0.32775458693504333,-0.04470926895737648,0.5607770085334778,0.2733365595340729,-0.05424961447715759,0.6112887859344482,0.5053426027297974,-0.015319530852138996,0.6030871272087097,0.40234577655792236,-0.05232711881399155,0.5732015371322632,0.45920857787132263,-0.06456045806407928,0.5607832074165344,0.5141128897666931,-0.06354039907455444,0.634248673915863,0.5258678197860718,-0.024403003975749016,0.6315346956253052,0.4283580780029297,-0.058981508016586304,0.5985564589500427,0.48169660568237305,-0.05997588858008385,0.5838323831558228,0.5336036086082458,-0.050768159329891205,0.6569766402244568,0.5570105314254761,-0.03519158065319061,0.6500508785247803,0.4803816080093384,-0.05827759578824043,0.6234822869300842,0.5041117668151855,-0.05871857702732086,0.6092492938041687,0.541086733341217,-0.05330704525113106
D,Right,0.5430382490158081,0.7023665904998779,-1.543568401984885e-07,0.5051426887512207,0.6597639322280884,-0.014351441524922848,0.47535261511802673,0.5867305994033813,-0.024670181795954704,0.4505288898944855,0.5333853363990784,-0.03841618075966835,0.4377087354660034,0.4744435250759125,-0.05137753114104271,0.4990847110748291,0.4779626727104187,-0.004099138546735048,0.4840116500854492,0.3735389709472656,-0.024619873613119125,0.469142884016037,0.3159818947315216,-0.03859400004148483,0.4593539834022522,0.26601797342300415,-0.04875033721327782,0.5215361714363098,0.4808069169521332,-0.012139048427343369,0.5015662312507629,0.38804537057876587,-0.04905354231595993,0.474384605884552,0.4419216215610504,-0.06357374787330627,0.46343278884887695,0.49584782123565674,-0.06508897989988327,0.5430197715759277,0.49550721049308777,-0.023709483444690704,0.5285283923149109,0.4070068597793579,-0.05784481763839722,0.49592724442481995,0.46004223823547363,-0.06240997463464737,0.4813602864742279,0.5116527080535889,-0.056612588465213776,0.5646523237228394,0.5206342935562134,-0.03681367635726929,0.5485332608222961,0.45377910137176514,-0.060574013739824295,0.5180823802947998,0.4769039452075958,-0.06487433612346649,0.4999702274799347,0.5132291913032532,-0.06291795521974564
D,Right,0.6317387223243713,0.5846579670906067,-6.347625713942762e-08,0.5977184772491455,0.5330740213394165,-0.012386723421514034,0.5789681077003479,0.4486766755580902,-0.017235450446605682,0.5710065960884094,0.3778747022151947,-0.025886178016662598,0.583576500415802,0.32217687368392944,-0.03391866758465767,0.5999104380607605,0.3653351068496704,0.009975990280508995,0.5951812863349915,0.2674815058708191,-0.004439639393240213,0.5919896960258484,0.20739881694316864,-0.014918303117156029,0.5954852104187012,0.15556059777736664,-0.022658761590719223,0.6238278150558472,0.366712361574173,0.0037155714817345142,0.6263695955276489,0.26348263025283813,-0.025848522782325745,0.6074991226196289,0.3070998191833496,-0.03844339773058891,0.5988920331001282,0.35567784309387207,-0.03814256936311722,0.647534966468811,0.3792709708213806,-0.005994103848934174,0.6516088247299194,0.2896128296852112,-0.03317664563655853,0.6289125084877014,0.3326622247695923,-0.03675895929336548,0.6189738512039185,0.38122329115867615,-0.030166976153850555,0.6709995865821838,0.40308132767677307,-0.01727478951215744,0.6704628467559814,0.33151909708976746,-0.03327149152755737,0.6511396169662476,0.35021740198135376,-0.03404175490140915,0.6399961709976196,0.38670027256011963,-0.030023833736777306
D,Right,0.47737205028533936,0.5291100740432739,-7.453230921328213e-08,0.44168925285339355,0.4933682084083557,-0.011187654919922352,0.41171807050704956,0.41935819387435913,-0.016331437975168228,0.3902852237224579,0.3610241711139679,-0.024586757645010948,0.38300618529319763,0.3084624409675598,-0.031643275171518326,0.43358728289604187,0.32779330015182495,0.005261087324470282,0.4270310699939728,0.23049750924110413,-0.00873767863959074,0.41747400164604187,0.17611055076122284,-0.017732279375195503,0.41396403312683105,0.13069353997707367,-0.023904092609882355,0.45382165908813477,0.32569849491119385,-0.0005447551957331598,0.4401339292526245,0.2268846184015274,-0.029839782044291496,0.41317152976989746,0.2660253345966339,-0.0400867834687233,0.40364015102386475,0.3177153170108795,-0.037777479737997055,0.4733971953392029,0.333913117647171,-0.009551850147545338,0.4634454846382141,0.24427789449691772,-0.034931205213069916,0.43458062410354614,0.28298524022102356,-0.037720274180173874,0.42350590229034424,0.3286830484867096,-0.030840395018458366,0.49550652503967285,0.3508487045764923,-0.01999921165406704,0.4841218888759613,0.28738561272621155,-0.035502929240465164,0.45804640650749207,0.30227649211883545,-0.037430744618177414,0.4442428946495056,0.33322393894195557,-0.033894382417201996
D,Right,0.48184940218925476,0.68721604347229,-1.3267492704471806e-07,0.44812390208244324,0.6462024450302124,-0.01040431298315525,0.4219168424606323,0.5804727077484131,-0.01831512153148651,0.3995603024959564,0.5311406254768372,-0.02987327054142952,0.3894171416759491,0.47908735275268555,-0.04059840366244316,0.44712507724761963,0.47858723998069763,-0.00032121597905643284,0.4419355094432831,0.37721073627471924,-0.017102593556046486,0.43285036087036133,0.322613000869751,-0.027378596365451813,0.4283091425895691,0.2768891453742981,-0.03446759656071663,0.4660232365131378,0.48456427454948425,-0.007864008657634258,0.44863754510879517,0.39873212575912476,-0.03961089998483658,0.42128026485443115,0.4467902183532715,-0.0501125231385231,0.4112570583820343,0.4940226674079895,-0.04892784729599953,0.4842183291912079,0.49880561232566833,-0.018351620063185692,0.4710640013217926,0.4213164746761322,-0.04785292595624924,0.4413587152957916,0.4689863920211792,-0.04911905527114868,0.4296550750732422,0.5138859152793884,-0.04121425375342369,0.503170907497406,0.5213669538497925,-0.03005807101726532,0.488317608833313,0.46289560198783875,-0.04943434149026871,0.46114543080329895,0.4840141832828522,-0.05040421709418297,0.44642558693885803,0.5168348550796509,-0.045838747173547745
D,Right,0.6699698567390442,0.7431890964508057,-3.350307054006407e-08,0.6358855366706848,0.692280113697052,-0.027944233268499374,0.620373010635376,0.6003000736236572,-0.042032357305288315,0.6183615922927856,0.5279003977775574,-0.056994181126356125,0.6323477625846863,0.4734959900379181,-0.07112161815166473,0.6362037658691406,0.4632056951522827,-0.015902921557426453,0.6345846056938171,0.33644556999206543,-0.03937304764986038,0.6339706778526306,0.25746381282806396,-0.05586528778076172,0.6383508443832397,0.1900331974029541,-0.06801285594701767,0.6706973314285278,0.4728284776210785,-0.01877553202211857,0.680589497089386,0.362627774477005,-0.061147503554821014,0.6624911427497864,0.42645955085754395,-0.07898764312267303,0.6488836407661438,0.48882248997688293,-0.08061352372169495,0.7025690674781799,0.4989532232284546,-0.02524944767355919,0.7180286645889282,0.40096551179885864,-0.06347978115081787,0.6945005059242249,0.4579450190067291,-0.06794902682304382,0.6772189140319824,0.5170290470123291,-0.060222040861845016,0.7296544909477234,0.540970504283905,-0.03425386920571327,0.7386934161186218,0.4681216776371002,-0.05859341472387314,0.7207008004188538,0.49347788095474243,-0.059893492609262466,0.7073433995246887,0.5317623615264893,-0.054802220314741135
D,Right,0.8059165477752686,0.6972797513008118,1.7358334503114747e-07,0.7836034297943115,0.6348742246627808,-0.04361415654420853,0.7796022295951843,0.5506062507629395,-0.06433657556772232,0.8050598502159119,0.4718276560306549,-0.08190721273422241,0.8333222270011902,0.40675482153892517,-0.09692364931106567,0.7702106237411499,0.40716293454170227,-0.02342958375811577,0.7718374133110046,0.2861931324005127,-0.04504039138555527,0.7791967391967773,0.21243254840373993,-0.06094321608543396,0.787259578704834,0.15108510851860046,-0.07293576747179031,0.8115300536155701,0.41044533252716064,-0.016650326550006866,0.8375219702720642,0.32065439224243164,-0.05631817877292633,0.8470107913017273,0.38631778955459595,-0.07548359781503677,0.8439162969589233,0.44801199436187744,-0.07877794653177261,0.8470258712768555,0.43253496289253235,-0.0145920654758811,0.8728981018066406,0.3617781698703766,-0.0552251860499382,0.8750318884849548,0.42569512128829956,-0.062427908182144165,0.8659964203834534,0.4858350157737732,-0.056002840399742126,0.8745030164718628,0.46821922063827515,-0.015829086303710938,0.8943149447441101,0.41159501671791077,-0.045224305242300034,0.8939529657363892,0.4494903087615967,-0.049006275832653046,0.8845343589782715,0.4947280287742615,-0.04436667263507843
D,Right,0.6659088134765625,0.7079963088035583,-2.4343835391960056e-08,0.628588855266571,0.6569873094558716,-0.030313542112708092,0.6097807884216309,0.5667295455932617,-0.046123165637254715,0.6075455546379089,0.4947812557220459,-0.062386997044086456,0.623191773891449,0.43626073002815247,-0.0775870755314827,0.6213812828063965,0.42600545287132263,-0.018233954906463623,0.6167715191841125,0.29986900091171265,-0.04285557195544243,0.6142498254776001,0.22243639826774597,-0.06013874709606171,0.6172071695327759,0.15456697344779968,-0.07305257767438889,0.6579641103744507,0.43469423055648804,-0.02077438309788704,0.6649439930915833,0.32295796275138855,-0.06424044817686081,0.6481984853744507,0.39274105429649353,-0.08228430896997452,0.6368303894996643,0.4571622908115387,-0.08424945175647736,0.6921587586402893,0.4604804217815399,-0.02723054215312004,0.7050718665122986,0.35923030972480774,-0.06745977699756622,0.6819981932640076,0.4247858226299286,-0.07203876227140427,0.666012167930603,0.48799747228622437,-0.06419732421636581,0.7224783301353455,0.5020418763160706,-0.03631995990872383,0.7292577028274536,0.42802536487579346,-0.06280949711799622,0.7111138105392456,0.4597495198249817,-0.06458481401205063,0.6982335448265076,0.5017564296722412,-0.05965524539351463
D,Right,0.7559066414833069,0.5726072788238525,7.940921875615459e-08,0.7336911559104919,0.5218103528022766,-0.017217913642525673,0.7288761734962463,0.4527449607849121,-0.02315995842218399,0.7414584159851074,0.3941939175128937,-0.02924257516860962,0.7546138167381287,0.3497799038887024,-0.03414597362279892,0.7195072174072266,0.3747600317001343,-0.0014708435628563166,0.716969907283783,0.2935476303100586,-0.012891546823084354,0.7195183038711548,0.24257712066173553,-0.02258390001952648,0.7240703701972961,0.20073425769805908,-0.030039792880415916,0.747488796710968,0.37543854117393494,-0.002314802026376128,0.7583117485046387,0.2946087121963501,-0.025344830006361008,0.7602062225341797,0.326487272977829,-0.038910310715436935,0.7581601738929749,0.3643524646759033,-0.04217284172773361,0.7726489901542664,0.3896476924419403,-0.005478501319885254,0.7860778570175171,0.32351773977279663,-0.026928430423140526,0.7833110690116882,0.3535804748535156,-0.03265473619103432,0.7780336141586304,0.389853835105896,-0.030350791290402412,0.7932347655296326,0.415939062833786,-0.010145798325538635,0.8029388189315796,0.364917129278183,-0.023189198225736618,0.8002620935440063,0.3763731122016907,-0.02457570657134056,0.795516312122345,0.39904841780662537,-0.022226596251130104
D,Right,0.8268521428108215,0.5557574033737183,1.6943769765020988e-07,0.8151494860649109,0.498020201921463,-0.032588522881269455,0.8184859752655029,0.4272591769695282,-0.03993102163076401,0.8375910520553589,0.3651546835899353,-0.044103145599365234,0.8537880778312683,0.31350505352020264,-0.046201907098293304,0.7985438108444214,0.347845196723938,0.000753633095882833,0.7995041012763977,0.27206993103027344,-0.007071272470057011,0.8037651181221008,0.22206638753414154,-0.015918761491775513,0.8104230761528015,0.18287906050682068,-0.0230717770755291,0.8284443020820618,0.35247331857681274,0.010504000820219517,0.8476706147193909,0.2809544801712036,-0.011678813025355339,0.8545320630073547,0.3209724724292755,-0.02926170453429222,0.8537868857383728,0.3599724769592285,-0.03424903005361557,0.8540997505187988,0.3671688437461853,0.01610369235277176,0.8713086843490601,0.3155820965766907,-0.008130358532071114,0.8735635280609131,0.35016515851020813,-0.021794425323605537,0.8683239221572876,0.38458752632141113,-0.02319762296974659,0.8736556768417358,0.3903864622116089,0.019552331417798996,0.8886513113975525,0.34115758538246155,0.003160930937156081,0.8910405039787292,0.36022329330444336,-0.004054192919284105,0.8856059312820435,0.3862953782081604,-0.004986105021089315
D,Right,0.8074027895927429,0.6938563585281372,9.162735636891739e-08,0.791172981262207,0.6397461891174316,-0.02009187825024128,0.7914972901344299,0.5705045461654663,-0.028472576290369034,0.8133108615875244,0.5165787935256958,-0.03651438280940056,0.8350231647491455,0.4784877598285675,-0.043045539408922195,0.7872070074081421,0.4780920147895813,-0.004677883815020323,0.7920397520065308,0.3948846459388733,-0.017224693670868874,0.7994529008865356,0.3437611162662506,-0.026489216834306717,0.8063528537750244,0.3016381859779358,-0.03313731029629707,0.8159059882164001,0.4865299165248871,-0.004237782675772905,0.836732804775238,0.4130145311355591,-0.028521757572889328,0.8407767415046692,0.457292765378952,-0.03946917504072189,0.8363091945648193,0.500449538230896,-0.0394008606672287,0.8414889574050903,0.506244421005249,-0.006493632681667805,0.858214795589447,0.4543220102787018,-0.02943556196987629,0.8569973111152649,0.49841469526290894,-0.030489109456539154,0.8498214483261108,0.5348125100135803,-0.02358788065612316,0.8620845079421997,0.5358253121376038,-0.010554133914411068,0.8765162229537964,0.49240052700042725,-0.02357262745499611,0.8732240200042725,0.518090009689331,-0.020867500454187393,0.8653984665870667,0.5441674590110779,-0.014660540036857128
D,Right,0.5670949816703796,0.5113847255706787,-1.1434585189817881e-07,0.5309869050979614,0.4746119976043701,-0.012788836844265461,0.5044395327568054,0.40256965160369873,-0.01926080323755741,0.4868243932723999,0.34814175963401794,-0.02867673709988594,0.4849824607372284,0.2958865165710449,-0.03742964193224907,0.5187575221061707,0.31075286865234375,0.0004901998327113688,0.5070908069610596,0.21668708324432373,-0.015442656353116035,0.4972003996372223,0.16324906051158905,-0.02575877495110035,0.49344685673713684,0.11558346450328827,-0.03307844698429108,0.5408540368080139,0.31079918146133423,-0.005617369897663593,0.5297526121139526,0.21694791316986084,-0.03614400699734688,0.5114753842353821,0.27020174264907837,-0.04732423275709152,0.5058900713920593,0.3178047239780426,-0.04638166353106499,0.5629590749740601,0.3209776282310486,-0.01468311995267868,0.5569770932197571,0.23616516590118408,-0.04254551976919174,0.5364937782287598,0.2873973250389099,-0.04454145208001137,0.5298235416412354,0.3336634635925293,-0.03724377229809761,0.586704671382904,0.34097275137901306,-0.025125106796622276,0.5779789686203003,0.27544093132019043,-0.04189413785934448,0.558392345905304,0.2995591461658478,-0.0419798418879509,0.5493771433830261,0.3332323729991913,-0.03750459477305412
D,Right,0.5765677094459534,0.7030604481697083,-1.0371784497920089e-07,0.5432087182998657,0.6654756665229797,-0.016691409051418304,0.5193958282470703,0.5924571752548218,-0.026509655639529228,0.5047019124031067,0.5382365584373474,-0.038384370505809784,0.5049664974212646,0.48872604966163635,-0.0496138297021389,0.5348761677742004,0.4844605624675751,-0.007143971510231495,0.5268059372901917,0.38635414838790894,-0.025198839604854584,0.5199438333511353,0.33003219962120056,-0.03703037649393082,0.5187806487083435,0.28070390224456787,-0.04561964422464371,0.560273289680481,0.4909796714782715,-0.012348171323537827,0.5526720881462097,0.403827428817749,-0.044694989919662476,0.5321630239486694,0.461776465177536,-0.05577054247260094,0.5233232378959656,0.5090034008026123,-0.05515049025416374,0.584152102470398,0.5094009041786194,-0.02056940831243992,0.5828819274902344,0.423592209815979,-0.05080984905362129,0.5591568946838379,0.4782806932926178,-0.051617346704006195,0.548363208770752,0.5261539816856384,-0.043699994683265686,0.607179582118988,0.5398196578025818,-0.030363278463482857,0.6003406643867493,0.4773075580596924,-0.050692420452833176,0.5803480744361877,0.5054118633270264,-0.05075552314519882,0.5707718729972839,0.5391693115234375,-0.04575175791978836
D,Right,0.6398884654045105,0.7138659954071045,-4.2835704761046145e-08,0.6118544936180115,0.6690069437026978,-0.021488796919584274,0.5981377959251404,0.5940427184104919,-0.03327161818742752,0.5904521942138672,0.5326459407806396,-0.04644705727696419,0.6058365702629089,0.48539358377456665,-0.058808453381061554,0.614199161529541,0.49337756633758545,-0.0065962085500359535,0.612946629524231,0.3953171372413635,-0.025808822363615036,0.6103135943412781,0.33686745166778564,-0.039149995893239975,0.6136471033096313,0.2852107286453247,-0.04894593730568886,0.6400312185287476,0.5021049976348877,-0.009201670996844769,0.6449239253997803,0.4125288128852844,-0.04285619035363197,0.6275014281272888,0.4636136293411255,-0.05651581287384033,0.6186476349830627,0.5088200569152832,-0.05715369060635567,0.6647685170173645,0.5209608674049377,-0.01525900885462761,0.6705111861228943,0.4421265721321106,-0.04628053680062294,0.6495180130004883,0.4914076328277588,-0.04875878617167473,0.639343798160553,0.5372447371482849,-0.04138081893324852,0.6876621842384338,0.5509209632873535,-0.02332550659775734,0.6862025856971741,0.49374598264694214,-0.042723797261714935,0.6706197261810303,0.5205574035644531,-0.042895782738924026,0.6643065214157104,0.5542289614677429,-0.03800876438617706
D,Right,0.675787627696991,0.7172555327415466,-1.6043992800973683e-08,0.6478363275527954,0.6746711134910583,-0.020431214943528175,0.6343435645103455,0.6004794836044312,-0.030566133558750153,0.6329097151756287,0.5374888777732849,-0.041607070714235306,0.6462185978889465,0.4913061559200287,-0.05171342194080353,0.6438369750976562,0.49686676263809204,-0.008286564610898495,0.6413213610649109,0.398772656917572,-0.02418200857937336,0.6400522589683533,0.339968740940094,-0.03502344712615013,0.6429636478424072,0.2891322374343872,-0.04326446354389191,0.6706258654594421,0.503929615020752,-0.010618980042636395,0.6774243116378784,0.41627737879753113,-0.03999975696206093,0.6645310521125793,0.4645025134086609,-0.051388051360845566,0.6560713052749634,0.5119870901107788,-0.051582783460617065,0.6957572102546692,0.5242698788642883,-0.015871092677116394,0.7045338749885559,0.44780343770980835,-0.04320044443011284,0.6884210109710693,0.49371322989463806,-0.04462895542383194,0.6793551445007324,0.5396209359169006,-0.03786255046725273,0.7186120748519897,0.5569317936897278,-0.023110294714570045,0.7246805429458618,0.49621957540512085,-0.040421128273010254,0.7110944390296936,0.5198799967765808,-0.03992903232574463,0.7026072144508362,0.5540088415145874,-0.035281792283058167
D,Right,0.7096113562583923,0.6895918846130371,5.482163345504887e-08,0.6865900754928589,0.646331250667572,-0.026606649160385132,0.6751680374145508,0.5783247351646423,-0.04039868339896202,0.6782644987106323,0.5152168869972229,-0.05342331901192665,0.6962852478027344,0.4688374102115631,-0.0648946687579155,0.6795949935913086,0.4746584892272949,-0.013624790124595165,0.6789977550506592,0.384183406829834,-0.03169338405132294,0.6791266202926636,0.328361451625824,-0.043822962790727615,0.6815528273582458,0.2799362540245056,-0.05257074534893036,0.7069759964942932,0.47956085205078125,-0.01235316414386034,0.7148504853248596,0.406388521194458,-0.042510125786066055,0.711567223072052,0.45484036207199097,-0.05424978956580162,0.7081634402275085,0.49573323130607605,-0.05474160239100456,0.732596218585968,0.49797019362449646,-0.014401202090084553,0.7457035779953003,0.4339457154273987,-0.0434202216565609,0.7360457181930542,0.48307350277900696,-0.043633315712213516,0.7265781164169312,0.5245580077171326,-0.03564561903476715,0.7544263005256653,0.5285607576370239,-0.018770553171634674,0.7642160058021545,0.48096567392349243,-0.03754960745573044,0.7560092806816101,0.5078564286231995,-0.036266766488552094,0.7477327585220337,0.536385715007782,-0.030370261520147324
D,Right,0.7308212518692017,0.6999656558036804,1.0326378685476811e-07,0.7105394005775452,0.6533061861991882,-0.0268360897898674,0.7027903199195862,0.5866866111755371,-0.039902083575725555,0.7103187441825867,0.5241745114326477,-0.05180838704109192,0.7262511849403381,0.4760470390319824,-0.06210315227508545,0.6963051557540894,0.4816417694091797,-0.0110974395647645,0.6988106966018677,0.3957130014896393,-0.027746006846427917,0.702708899974823,0.3409922420978546,-0.04022149369120598,0.7074938416481018,0.29436591267585754,-0.04957376793026924,0.7260386347770691,0.4841534197330475,-0.009603803046047688,0.7394409775733948,0.4099534749984741,-0.03915588557720184,0.7415437698364258,0.46595656871795654,-0.051685504615306854,0.7383790016174316,0.5111916661262512,-0.052584126591682434,0.7534428238868713,0.5014529824256897,-0.011452929116785526,0.7684611082077026,0.4349743723869324,-0.03907458856701851,0.7634536623954773,0.4883593022823334,-0.038946930319070816,0.7543689608573914,0.5317725539207458,-0.03115507960319519,0.7755839824676514,0.533112108707428,-0.01570158079266548,0.7865725159645081,0.4872093200683594,-0.03305550664663315,0.7804094552993774,0.5159929394721985,-0.0310315303504467,0.7716884613037109,0.5437931418418884,-0.025062236934900284
D,Right,0.7113890051841736,0.6563519835472107,1.0460328780936834e-07,0.6854586005210876,0.615125834941864,-0.018639354035258293,0.6755020618438721,0.5504662990570068,-0.027287084609270096,0.6812726855278015,0.4918179512023926,-0.03638145700097084,0.6912197470664978,0.44922497868537903,-0.04467224329710007,0.6762651801109314,0.45238909125328064,-0.005439093802124262,0.6736069321632385,0.3681899905204773,-0.019565921276807785,0.6728236675262451,0.31404227018356323,-0.030562425032258034,0.6729286909103394,0.26813942193984985,-0.03867863118648529,0.7028232216835022,0.45332229137420654,-0.007202280219644308,0.7070255875587463,0.3723941743373871,-0.030860012397170067,0.706814706325531,0.3945295810699463,-0.04388640820980072,0.7056221961975098,0.41991934180259705,-0.04704643040895462,0.7276923060417175,0.4692690074443817,-0.011345051229000092,0.7391372919082642,0.40215134620666504,-0.03572806343436241,0.72959965467453,0.44926172494888306,-0.03805581107735634,0.7205350995063782,0.49087953567504883,-0.03253240883350372,0.7490755915641785,0.49912887811660767,-0.017071612179279327,0.7547527551651001,0.45225971937179565,-0.03326760604977608,0.7471671104431152,0.47909408807754517,-0.032177846878767014,0.7418455481529236,0.5069859027862549,-0.026974981650710106
D,Right,0.68979811668396,0.6785428524017334,1.1147674783273942e-08,0.6606970429420471,0.6356319785118103,-0.01660672016441822,0.6462173461914062,0.5691457986831665,-0.02496003732085228,0.6468565464019775,0.5096418261528015,-0.03445687144994736,0.6617156267166138,0.4709286093711853,-0.04304441437125206,0.6526976823806763,0.47694864869117737,-0.0056182872503995895,0.6479743123054504,0.38713526725769043,-0.020872732624411583,0.6463773846626282,0.3321412205696106,-0.03152349591255188,0.6475009322166443,0.2858579754829407,-0.03907391428947449,0.6787108182907104,0.48082560300827026,-0.008502033539116383,0.6862739324569702,0.4003957509994507,-0.03672377020120621,0.6775972247123718,0.44462332129478455,-0.04756532609462738,0.6707215309143066,0.4915028512477875,-0.047099824994802475,0.7037585973739624,0.49712345004081726,-0.013880078680813313,0.7142369151115417,0.4270130693912506,-0.039049889892339706,0.7009180784225464,0.4671189785003662,-0.04047954082489014,0.6916481256484985,0.5102946162223816,-0.03364511951804161,0.7263884544372559,0.5252354741096497,-0.02092079631984234,0.7349220514297485,0.4753744304180145,-0.036025092005729675,0.7237907648086548,0.49336981773376465,-0.03525160998106003,0.7153529524803162,0.5221405625343323,-0.03019268624484539
D,Right,0.6742040514945984,0.7136343717575073,-1.1030548030532827e-08,0.6455903053283691,0.6710522770881653,-0.01722821034491062,0.6329813003540039,0.6025965213775635,-0.025444798171520233,0.6332659125328064,0.5424149036407471,-0.035044390708208084,0.6455554962158203,0.497234582901001,-0.043787602335214615,0.6408579349517822,0.5088847279548645,-0.002842858899384737,0.6377165913581848,0.4180111289024353,-0.018292587250471115,0.6360082030296326,0.36129331588745117,-0.029503419995307922,0.6379992365837097,0.3123168349266052,-0.03768241032958031,0.6664423942565918,0.5138442516326904,-0.005675519350916147,0.6720319986343384,0.4289304316043854,-0.034385260194540024,0.6607041954994202,0.4731176793575287,-0.04632454738020897,0.6538281440734863,0.5192059278488159,-0.046704020351171494,0.690416693687439,0.5301260352134705,-0.01137141790241003,0.6966020464897156,0.459867000579834,-0.03762083873152733,0.6815881729125977,0.5033542513847351,-0.039192572236061096,0.6741116642951965,0.5473424792289734,-0.032241303473711014,0.7133069634437561,0.5571308135986328,-0.018835829570889473,0.7168022990226746,0.49993306398391724,-0.03425312414765358,0.7039031982421875,0.5209265351295471,-0.03313777595758438,0.696155309677124,0.5518782734870911,-0.02804587036371231
D,Right,0.6456564664840698,0.6942334175109863,-6.037189592689174e-08,0.6159917116165161,0.6537293791770935,-0.01633721962571144,0.6007629632949829,0.5874646306037903,-0.02559778280556202,0.594735324382782,0.5343527793884277,-0.036431923508644104,0.6087521910667419,0.4946010708808899,-0.04652097821235657,0.6151107549667358,0.49814146757125854,-0.006670011673122644,0.6088133454322815,0.4086339473724365,-0.023231782019138336,0.6043937802314758,0.3559926152229309,-0.03436080366373062,0.6049395203590393,0.3084747791290283,-0.04255765303969383,0.6387104392051697,0.5031606554985046,-0.010222596116364002,0.6390379667282104,0.42025360465049744,-0.03917993977665901,0.6251688003540039,0.4677099585533142,-0.04937904700636864,0.6178171634674072,0.5134589076042175,-0.048763457685709,0.6621583700180054,0.518899142742157,-0.01647835038602352,0.66337651014328,0.4499073922634125,-0.042520537972450256,0.6464769840240479,0.4957314729690552,-0.04285307601094246,0.638412356376648,0.5392770171165466,-0.03531744331121445,0.6841610670089722,0.5445989966392517,-0.024484291672706604,0.6835366487503052,0.49190205335617065,-0.04010270908474922,0.6688520312309265,0.5142666697502136,-0.03902965784072876,0.6611423492431641,0.5446032881736755,-0.03411009907722473
E,Left,0.1800297200679779,0.538113534450531,-2.04946516646487e-07,0.22555479407310486,0.5129325985908508,-0.014228686690330505,0.2646486461162567,0.4365755319595337,-0.01672425866127014,0.2679286003112793,0.3636402189731598,-0.019804999232292175,0.2380080670118332,0.344657301902771,-0.020001055672764778,0.2572070062160492,0.352154403924942,0.004154720809310675,0.2694441080093384,0.275411456823349,-0.011236011050641537,0.2630436420440674,0.3170325756072998,-0.02310921438038349,0.2574809491634369,0.35811346769332886,-0.02877325564622879,0.2299279123544693,0.33366429805755615,0.0036711159627884626,0.23820500075817108,0.2516702115535736,-0.011433014646172523,0.2320195734500885,0.305924654006958,-0.018315646797418594,0.2284235954284668,0.3478512465953827,-0.018597867339849472,0.20273151993751526,0.32870322465896606,-0.0004620795662049204,0.20769061148166656,0.24910968542099,-0.013143214397132397,0.2074984610080719,0.2968894839286804,-0.011380820535123348,0.20586612820625305,0.33830711245536804,-0.006269050762057304,0.1745499074459076,0.3310776352882385,-0.006607141811400652,0.1779709756374359,0.26937568187713623,-0.012293590232729912,0.18160387873649597,0.29854312539100647,-0.0074906544759869576,0.18255357444286346,0.3312639892101288,-0.0019347225315868855
E,Left,0.11531183868646622,0.4618706703186035,-1.9651915295071376e-07,0.16143237054347992,0.42336857318878174,-0.01785392127931118,0.1938525140285492,0.34739232063293457,-0.024251073598861694,0.19179119169712067,0.2700949013233185,-0.03124200738966465,0.1650885045528412,0.23784556984901428,-0.03489971533417702,0.18481437861919403,0.25231000781059265,0.0049292296171188354,0.18743976950645447,0.1709587126970291,-0.013477816246449947,0.18026329576969147,0.21033793687820435,-0.026946624740958214,0.17785808444023132,0.25706109404563904,-0.032730914652347565,0.15273557603359222,0.24086423218250275,0.0056941574439406395,0.1503775715827942,0.15253055095672607,-0.011933567002415657,0.1456124186515808,0.2092454880475998,-0.019880319014191628,0.14704062044620514,0.2534194588661194,-0.0200295839458704,0.1230066642165184,0.24232561886310577,0.002066828077659011,0.1184685155749321,0.1592378318309784,-0.014095572754740715,0.1196286529302597,0.2092658281326294,-0.012747881934046745,0.12194125354290009,0.25488656759262085,-0.006587454117834568,0.093679279088974,0.2534376382827759,-0.0038074201438575983,0.08921000361442566,0.18747171759605408,-0.012554841116070747,0.09415007382631302,0.21465668082237244,-0.008542838506400585,0.09921208024024963,0.2482735812664032,-0.0022708179894834757
E,Left,0.14692357182502747,0.5894578695297241,-2.2090434015353821e-07,0.1888255476951599,0.5599020719528198,-0.013893483206629753,0.21734461188316345,0.48719191551208496,-0.01777051016688347,0.2188272476196289,0.4153122305870056,-0.022664811462163925,0.19617046415805817,0.38557034730911255,-0.024913553148508072,0.20334631204605103,0.39962053298950195,0.0014100336702540517,0.21287471055984497,0.3159065544605255,-0.016784140840172768,0.2088320255279541,0.35346630215644836,-0.02805422618985176,0.20341360569000244,0.39514192938804626,-0.032054077833890915,0.17611664533615112,0.3900619447231293,0.0005157472915016115,0.17816941440105438,0.3023478090763092,-0.017354879528284073,0.1754647046327591,0.35894766449928284,-0.022837547585368156,0.17365141212940216,0.40226927399635315,-0.02121732197701931,0.15023411810398102,0.3916343152523041,-0.004169055260717869,0.14869555830955505,0.3084389269351959,-0.020738083869218826,0.15005886554718018,0.35986554622650146,-0.01700315810739994,0.14999398589134216,0.4029027819633484,-0.009022535756230354,0.123860664665699,0.40062034130096436,-0.010619455948472023,0.1224575862288475,0.33394843339920044,-0.020218318328261375,0.12712088227272034,0.3620433509349823,-0.01526491530239582,0.12978553771972656,0.39504560828208923,-0.008220111019909382
E,Left,0.23689869046211243,0.6249560713768005,-2.2952900735617732e-07,0.2806476950645447,0.5927351117134094,-0.009687335230410099,0.30967187881469727,0.5122509002685547,-0.011405614204704762,0.30963706970214844,0.44552773237228394,-0.014230688102543354,0.2797185182571411,0.4270622134208679,-0.013903587125241756,0.30291038751602173,0.42557817697525024,0.0032777779269963503,0.30505725741386414,0.3576139807701111,-0.01161414384841919,0.2996329963207245,0.4117659032344818,-0.02125357650220394,0.29864540696144104,0.44351330399513245,-0.02579956129193306,0.2748458981513977,0.4156803488731384,0.0006827259203419089,0.2736659049987793,0.3422667384147644,-0.015372253023087978,0.27159935235977173,0.4068411588668823,-0.01844358630478382,0.2702332139015198,0.44384920597076416,-0.01545624528080225,0.24683739244937897,0.4185141623020172,-0.004943167790770531,0.24270839989185333,0.3461438715457916,-0.018986467272043228,0.24598105251789093,0.40438365936279297,-0.012250486761331558,0.2457997053861618,0.4419693648815155,-0.0029293131083250046,0.21823275089263916,0.4297151267528534,-0.012042923830449581,0.2164498269557953,0.3747698664665222,-0.01883755438029766,0.22220320999622345,0.4101787507534027,-0.011258799582719803,0.22399429976940155,0.4397639036178589,-0.0027938152197748423
E,Left,0.287844181060791,0.5496596693992615,-1.8573737747829e-07,0.32835808396339417,0.5256915092468262,-0.011240419931709766,0.35903024673461914,0.45255595445632935,-0.013920859433710575,0.3646847605705261,0.38351333141326904,-0.018150694668293,0.34143194556236267,0.35605353116989136,-0.020393282175064087,0.3538762629032135,0.3674314022064209,0.005364584736526012,0.36143502593040466,0.2933043837547302,-0.010219323448836803,0.358239084482193,0.3238387703895569,-0.021501325070858,0.3535783588886261,0.36386170983314514,-0.026149651035666466,0.3275247812271118,0.355636328458786,0.0033799500670284033,0.33197376132011414,0.2752775549888611,-0.012695656158030033,0.32902613282203674,0.3281460404396057,-0.019319655373692513,0.3264664113521576,0.3713908791542053,-0.01860196143388748,0.3017917573451996,0.3556211292743683,-0.0019108883570879698,0.30362409353256226,0.27980026602745056,-0.017125891521573067,0.30510684847831726,0.3302863836288452,-0.015028469264507294,0.3039819002151489,0.3732943534851074,-0.008414157666265965,0.2751522660255432,0.3633944094181061,-0.00877540186047554,0.27852609753608704,0.30332061648368835,-0.018039243295788765,0.2822808623313904,0.33333635330200195,-0.013951708562672138,0.282823771238327,0.36622729897499084,-0.007683650124818087
E,Left,0.27023518085479736,0.46131616830825806,-1.728770229192378e-07,0.31535547971725464,0.4237062335014343,-0.011400510556995869,0.34859150648117065,0.3609902858734131,-0.016223199665546417,0.35172057151794434,0.28945547342300415,-0.022440720349550247,0.3278677761554718,0.2510607838630676,-0.02665202133357525,0.33957555890083313,0.27120324969291687,0.004367465618997812,0.34753337502479553,0.1966528594493866,-0.01290916372090578,0.3438992500305176,0.23179426789283752,-0.026296894997358322,0.3405708968639374,0.27274081110954285,-0.0321289524435997,0.3121626675128937,0.25642073154449463,0.0025906357914209366,0.31644925475120544,0.17421680688858032,-0.014118596911430359,0.31401827931404114,0.2307400405406952,-0.022107556462287903,0.31219616532325745,0.27838239073753357,-0.022490443661808968,0.28520017862319946,0.2538127899169922,-0.0022860884200781584,0.28644758462905884,0.1766340732574463,-0.017073633149266243,0.28886035084724426,0.2315434217453003,-0.014606121927499771,0.2888873815536499,0.2796604037284851,-0.007863813079893589,0.2565714716911316,0.26025426387786865,-0.008663966320455074,0.25914788246154785,0.19842851161956787,-0.016966020688414574,0.2648777961730957,0.23109811544418335,-0.011631421744823456,0.26710206270217896,0.26754188537597656,-0.004203966818749905
E,Left,0.30600911378860474,0.7392985820770264,-4.8182138279173614e-09,0.34485799074172974,0.7192603349685669,-0.00837131217122078,0.376027375459671,0.6578215956687927,-0.010527897626161575,0.3855374753475189,0.5969849824905396,-0.014219801872968674,0.3658764958381653,0.5792685151100159,-0.0163772813975811,0.3667486011981964,0.5787478685379028,0.0033991786185652018,0.37902605533599854,0.5070209503173828,-0.012932948768138885,0.376886248588562,0.5318007469177246,-0.02541406825184822,0.37050366401672363,0.5612001419067383,-0.030807072296738625,0.34500038623809814,0.5649000406265259,-0.0009473590762354434,0.3500903844833374,0.4756068289279938,-0.009713887237012386,0.3502381145954132,0.43927428126335144,-0.01762944459915161,0.3468175232410431,0.4003400206565857,-0.022588128224015236,0.32357457280158997,0.5664255023002625,-0.008748621679842472,0.3263758420944214,0.4754715859889984,-0.019373372197151184,0.32809796929359436,0.448474645614624,-0.022786492481827736,0.3271637558937073,0.42061206698417664,-0.023733964189887047,0.30189454555511475,0.5772368311882019,-0.01785685122013092,0.3072773814201355,0.5165442824363708,-0.023610766977071762,0.31313300132751465,0.5181217193603516,-0.02073705568909645,0.31568771600723267,0.5242910981178284,-0.017952803522348404
E,Left,0.29370352625846863,0.6849377155303955,-2.3548605554424284e-07,0.33336424827575684,0.6634922027587891,-0.008981037884950638,0.3691963851451874,0.5859639048576355,-0.010905304923653603,0.3778951168060303,0.5160569548606873,-0.014356679283082485,0.35194486379623413,0.5076339244842529,-0.014557784423232079,0.3615640699863434,0.49309563636779785,0.005453664343804121,0.3710310459136963,0.42390042543411255,-0.010999067686498165,0.36910369992256165,0.47726672887802124,-0.021866684779524803,0.3626713454723358,0.5113520622253418,-0.02667289786040783,0.33628249168395996,0.48374685645103455,0.0012639567721635103,0.34168070554733276,0.41118234395980835,-0.01495918445289135,0.34369349479675293,0.4743810296058655,-0.019276870414614677,0.33786189556121826,0.5037459135055542,-0.01749349758028984,0.31005093455314636,0.48564597964286804,-0.006264188326895237,0.3150458037853241,0.4179266691207886,-0.02053431048989296,0.321059912443161,0.4757246673107147,-0.014089355245232582,0.31658872961997986,0.5042646527290344,-0.005335723981261253,0.28198012709617615,0.49276450276374817,-0.015399209223687649,0.29142290353775024,0.44075092673301697,-0.021702613681554794,0.29854726791381836,0.4783102869987488,-0.013405734673142433,0.29568177461624146,0.5028600096702576,-0.004971636924892664
E,Left,0.30350080132484436,0.6444079875946045,-3.221598774416634e-07,0.3508181571960449,0.6272817850112915,-0.008688225410878658,0.3911455571651459,0.5482779741287231,-0.009757449850440025,0.40163755416870117,0.4716384708881378,-0.012862373143434525,0.3746730387210846,0.45713725686073303,-0.012248855084180832,0.38374149799346924,0.4465968906879425,0.005086127202957869,0.3956986367702484,0.3652474880218506,-0.013210245408117771,0.38953709602355957,0.42546528577804565,-0.02329041063785553,0.3831377625465393,0.4622603952884674,-0.027147233486175537,0.35735052824020386,0.43521690368652344,0.0005762868677265942,0.36644792556762695,0.35200658440589905,-0.017732366919517517,0.3630184531211853,0.4269990921020508,-0.020345250144600868,0.35757893323898315,0.45789361000061035,-0.016657516360282898,0.3300878703594208,0.43328776955604553,-0.007500133011490107,0.3357751965522766,0.3501550555229187,-0.024109242483973503,0.3372517228126526,0.42077815532684326,-0.015602391213178635,0.3332214057445526,0.45627057552337646,-0.0045859175734221935,0.3006909489631653,0.4353436827659607,-0.017137965187430382,0.30666521191596985,0.37003201246261597,-0.02514120750129223,0.3123462498188019,0.413906455039978,-0.016646552830934525,0.31116071343421936,0.44449782371520996,-0.00746158417314291
E,Left,0.3539098799228668,0.6085582971572876,-2.732538746386126e-07,0.4019281268119812,0.5922886729240417,-0.009357818402349949,0.4486549496650696,0.5095981359481812,-0.010107964277267456,0.4642878472805023,0.4357188642024994,-0.013300029560923576,0.43507635593414307,0.42457351088523865,-0.013403396122157574,0.44364362955093384,0.40488266944885254,0.008946514688432217,0.459462434053421,0.3301221430301666,-0.00830331351608038,0.45267343521118164,0.38045233488082886,-0.01992040127515793,0.44255751371383667,0.42058172821998596,-0.024777879938483238,0.4164896011352539,0.3880450129508972,0.004334498196840286,0.4295981824398041,0.3121168911457062,-0.013532011769711971,0.4251670241355896,0.38056680560112,-0.018846718594431877,0.417100727558136,0.4168703258037567,-0.016762472689151764,0.3883183002471924,0.38348516821861267,-0.003984344191849232,0.39814531803131104,0.30503398180007935,-0.02028636634349823,0.3986876904964447,0.37173745036125183,-0.01471999753266573,0.3921069800853729,0.40930846333503723,-0.005576530005782843,0.3576695919036865,0.3850042521953583,-0.0140322120860219,0.3686698377132416,0.3233844041824341,-0.022054549306631088,0.37269192934036255,0.3677215576171875,-0.014271561987698078,0.3694199323654175,0.3996255099773407,-0.0055575598962605
E,Left,0.32569199800491333,0.5006171464920044,-2.6936297103929974e-07,0.3751969635486603,0.47934868931770325,-0.011502866633236408,0.41653016209602356,0.3998884856700897,-0.01360430009663105,0.42505183815956116,0.32231876254081726,-0.01700015924870968,0.3968640863895416,0.30127251148223877,-0.01698879897594452,0.4079059064388275,0.2969988286495209,0.0033741153310984373,0.4204759895801544,0.21435172855854034,-0.014452923089265823,0.41630905866622925,0.26879459619522095,-0.025844939053058624,0.4099210798740387,0.30960506200790405,-0.030537161976099014,0.3798031508922577,0.28200578689575195,0.00041317983414046466,0.38831812143325806,0.1927623301744461,-0.0173963513225317,0.3865088224411011,0.2631697952747345,-0.021966950967907906,0.38099709153175354,0.305070161819458,-0.01950264908373356,0.3509155511856079,0.27916017174720764,-0.006084249820560217,0.3557337820529938,0.19293701648712158,-0.02194378525018692,0.3588203191757202,0.25713175535202026,-0.016159100458025932,0.3553116023540497,0.3000187575817108,-0.006811575964093208,0.320296049118042,0.2824500799179077,-0.014337030239403248,0.3258218467235565,0.21343660354614258,-0.02282767929136753,0.3329124450683594,0.2518703043460846,-0.015948962420225143,0.33274319767951965,0.2867237627506256,-0.0075592524372041225
E,Left,0.43831107020378113,0.4911818504333496,-2.548967188431561e-07,0.4851648509502411,0.47930413484573364,-0.006922253407537937,0.5286881923675537,0.40368932485580444,-0.0061797332018613815,0.5434281826019287,0.33593830466270447,-0.007984094321727753,0.5166504979133606,0.3173511326313019,-0.0075332424603402615,0.5195636749267578,0.30128800868988037,0.008888560347259045,0.5371376276016235,0.22489319741725922,-0.006858040113002062,0.5353678464889526,0.27119964361190796,-0.018503595143556595,0.5251086950302124,0.31293821334838867,-0.02340911515057087,0.4957522749900818,0.2847385108470917,0.004356898367404938,0.5099316835403442,0.2023833692073822,-0.011641948483884335,0.5096027851104736,0.2659055292606354,-0.01809491403400898,0.5005159974098206,0.3112418055534363,-0.017406368628144264,0.4704833924770355,0.2784334421157837,-0.0033744971733540297,0.4810652434825897,0.19690026342868805,-0.016901295632123947,0.4847903251647949,0.2564108073711395,-0.014442755840718746,0.4775548279285431,0.3017255365848541,-0.008048591203987598,0.4425177276134491,0.2773447632789612,-0.012617995031177998,0.45409077405929565,0.2115573287010193,-0.020183350890874863,0.4607353210449219,0.24827806651592255,-0.015629511326551437,0.4570675492286682,0.28532874584198,-0.009599268436431885
E,Left,0.3708875775337219,0.43568459153175354,-2.0861844518549333e-07,0.4170639216899872,0.4115510582923889,-0.00889492966234684,0.45214295387268066,0.34338945150375366,-0.01146966964006424,0.4642728269100189,0.2788551449775696,-0.015921419486403465,0.44648098945617676,0.24466031789779663,-0.018077176064252853,0.4510798752307892,0.2472473680973053,0.004303917288780212,0.4637250304222107,0.17297950387001038,-0.011942099779844284,0.4609663486480713,0.21264424920082092,-0.023805588483810425,0.45471155643463135,0.2526906728744507,-0.028920402750372887,0.4248853027820587,0.22934070229530334,0.000815625477116555,0.4349271059036255,0.14381098747253418,-0.014751233160495758,0.4325008690357208,0.2019142508506775,-0.020452309399843216,0.4266907274723053,0.24732515215873718,-0.019464291632175446,0.39763835072517395,0.22379912436008453,-0.00565327238291502,0.40360227227211,0.14278696477413177,-0.018990878015756607,0.4055115878582001,0.1957101970911026,-0.015186997130513191,0.4018138647079468,0.2383258044719696,-0.00803852267563343,0.36885708570480347,0.2260628193616867,-0.01358269527554512,0.3744741380214691,0.1621994823217392,-0.02089417353272438,0.3804194927215576,0.19310623407363892,-0.014856413938105106,0.37992268800735474,0.2265857756137848,-0.007397840730845928
E,Left,0.28907662630081177,0.4434702396392822,-2.160832792696965e-07,0.33307042717933655,0.4095100164413452,-0.015812907367944717,0.3662666976451874,0.34007105231285095,-0.02195790410041809,0.364737331867218,0.2755712568759918,-0.028573548421263695,0.3449842631816864,0.24378971755504608,-0.03207217529416084,0.35869550704956055,0.23949511349201202,-0.0014684079214930534,0.3655007481575012,0.15823166072368622,-0.020753975957632065,0.3613695800304413,0.20258888602256775,-0.033826734870672226,0.3583519160747528,0.24357303977012634,-0.03929189220070839,0.32843801379203796,0.2270880788564682,-0.002267794217914343,0.33175113797187805,0.13732515275478363,-0.021207088604569435,0.3293868601322174,0.19858109951019287,-0.028896313160657883,0.3287630081176758,0.2429545372724533,-0.028710871934890747,0.3000442683696747,0.2266114205121994,-0.0067372070625424385,0.29980412125587463,0.14251521229743958,-0.023036545142531395,0.30275818705558777,0.19405695796012878,-0.02166534960269928,0.30364471673965454,0.23717816174030304,-0.015437493100762367,0.27129220962524414,0.2354867160320282,-0.01306205801665783,0.27127763628959656,0.1674720197916031,-0.021837875247001648,0.2779282331466675,0.19537484645843506,-0.017475584521889687,0.28089436888694763,0.22884532809257507,-0.010837387293577194
E,Left,0.3107633590698242,0.6896774172782898,-3.31397217223639e-07,0.3770495653152466,0.6633250117301941,-0.01399317942559719,0.4339138865470886,0.5449286103248596,-0.015983086079359055,0.45571255683898926,0.43515244126319885,-0.02165164239704609,0.4195104241371155,0.40933600068092346,-0.023633822798728943,0.41718798875808716,0.3989059031009674,0.01311447937041521,0.4368423819541931,0.28515881299972534,-0.011437704786658287,0.4340706169605255,0.34771275520324707,-0.028471102938055992,0.4228960871696472,0.40454667806625366,-0.03551014885306358,0.3817514479160309,0.37932419776916504,0.007055853959172964,0.39785534143447876,0.25731393694877625,-0.01880272664129734,0.39821237325668335,0.35294365882873535,-0.027580615133047104,0.3893599510192871,0.4149693548679352,-0.02508222870528698,0.34455406665802,0.37671950459480286,-0.004386330489069223,0.35501542687416077,0.2534511983394623,-0.028341438621282578,0.36174139380455017,0.34359249472618103,-0.022839028388261795,0.3553776741027832,0.40698179602622986,-0.01096895057708025,0.3041452169418335,0.38478052616119385,-0.01826801896095276,0.31696420907974243,0.28674423694610596,-0.03192305192351341,0.3259640038013458,0.3440151512622833,-0.024062728509306908,0.3225589990615845,0.39700889587402344,-0.013672072440385818
E,Left,0.3344557285308838,0.6577961444854736,-3.2239174174719665e-07,0.39620086550712585,0.639606237411499,-0.014019572176039219,0.45510801672935486,0.5249113440513611,-0.014649276621639729,0.4827205538749695,0.4289444386959076,-0.018721770495176315,0.4542742073535919,0.40421026945114136,-0.019109981134533882,0.451022207736969,0.3869335949420929,0.014318802393972874,0.47523558139801025,0.2880396842956543,-0.007493630051612854,0.46775034070014954,0.3413715660572052,-0.02382311038672924,0.45203113555908203,0.39302775263786316,-0.03111550770699978,0.4165423810482025,0.36150965094566345,0.009131149388849735,0.4356638193130493,0.2525976896286011,-0.014710087329149246,0.43224620819091797,0.33602118492126465,-0.024636467918753624,0.42185336351394653,0.39466747641563416,-0.02372664026916027,0.3798874020576477,0.3544313609600067,-0.001318118767812848,0.39147472381591797,0.2439962476491928,-0.023161903023719788,0.3948734700679779,0.32463034987449646,-0.021406805142760277,0.38734936714172363,0.38468512892723083,-0.01299922727048397,0.3410038352012634,0.3580103814601898,-0.014268559403717518,0.3529953360557556,0.2736034095287323,-0.0270275566726923,0.35977137088775635,0.32429105043411255,-0.022288238629698753,0.35657262802124023,0.37257030606269836,-0.01476579625159502
E,Left,0.4463181495666504,0.5253075361251831,-2.917630297361029e-07,0.4984241724014282,0.5136396884918213,-0.009768882766366005,0.5483794212341309,0.42763733863830566,-0.009842144325375557,0.5661667585372925,0.35313135385513306,-0.012663761153817177,0.5368558168411255,0.3378419876098633,-0.012421895749866962,0.5406219959259033,0.30857032537460327,0.010718333534896374,0.5608623623847961,0.225419819355011,-0.008021902292966843,0.5571839809417725,0.2805235683917999,-0.02164147049188614,0.5444402098655701,0.3280910551548004,-0.02731103077530861,0.5131474733352661,0.2894100844860077,0.0061736926436424255,0.5295329093933105,0.2013102024793625,-0.013601904734969139,0.5276498198509216,0.27559006214141846,-0.021472305059432983,0.5169140100479126,0.3254726529121399,-0.020499227568507195,0.4843669831752777,0.28237438201904297,-0.002464881632477045,0.4966539442539215,0.1940998136997223,-0.01925927773118019,0.4998462200164795,0.26361024379730225,-0.016967574134469032,0.4917381703853607,0.31325167417526245,-0.009498984552919865,0.4528459906578064,0.28165748715400696,-0.013030817732214928,0.46592724323272705,0.21271950006484985,-0.02193600870668888,0.4726739525794983,0.2557591199874878,-0.017167283222079277,0.4691571593284607,0.29560649394989014,-0.01044105552136898
E,Left,0.35280534625053406,0.49444881081581116,-2.6450015866430476e-07,0.4064752757549286,0.47064077854156494,-0.00867149792611599,0.4484151005744934,0.3942173421382904,-0.010822736658155918,0.46030759811401367,0.3183165192604065,-0.015481836162507534,0.43687379360198975,0.28000131249427795,-0.018030134961009026,0.4421198070049286,0.2786562144756317,0.00542251393198967,0.4590146541595459,0.1879403293132782,-0.013900043442845345,0.4573023319244385,0.2314261794090271,-0.027788426727056503,0.44934648275375366,0.2780592143535614,-0.03352273255586624,0.4122934639453888,0.2607618272304535,0.0005563470767810941,0.4243396520614624,0.15878911316394806,-0.018173135817050934,0.42319661378860474,0.22485706210136414,-0.025658542290329933,0.41674262285232544,0.2794729769229889,-0.025113746523857117,0.38175055384635925,0.25625675916671753,-0.007605876307934523,0.3883448541164398,0.15958286821842194,-0.023540597409009933,0.39238178730010986,0.21927955746650696,-0.02041393518447876,0.3888488709926605,0.2712875008583069,-0.01291689183562994,0.34926837682724,0.2611073851585388,-0.017252914607524872,0.3556499481201172,0.18257634341716766,-0.026491457596421242,0.3637552857398987,0.21823054552078247,-0.020733416080474854,0.3637733459472656,0.26031360030174255,-0.013017600402235985
E,Left,0.2639528512954712,0.5333015322685242,-2.8292947718000505e-07,0.3123698830604553,0.4927583336830139,-0.014851978048682213,0.34722423553466797,0.41040921211242676,-0.020710399374365807,0.3506632149219513,0.3380901515483856,-0.028321126475930214,0.3306719958782196,0.29730871319770813,-0.03317256644368172,0.3461278975009918,0.2991836965084076,-0.00013208518794272095,0.3534560203552246,0.2085905820131302,-0.02156982198357582,0.34408625960350037,0.2610381543636322,-0.036922357976436615,0.34071555733680725,0.30700889229774475,-0.04436446726322174,0.31299006938934326,0.2826829254627228,-0.003345597768202424,0.31946834921836853,0.18444254994392395,-0.025358591228723526,0.31035351753234863,0.2520524561405182,-0.03566218912601471,0.3084754943847656,0.3030323386192322,-0.03703223541378975,0.27970385551452637,0.2821847200393677,-0.010358759202063084,0.28046566247940063,0.18131360411643982,-0.029382918030023575,0.27782344818115234,0.2391955554485321,-0.028769606724381447,0.27886801958084106,0.2911684215068817,-0.022930117323994637,0.24604658782482147,0.2960081100463867,-0.019127368927001953,0.24256712198257446,0.219679594039917,-0.030429953709244728,0.24619843065738678,0.25317007303237915,-0.026602210476994514,0.25067761540412903,0.29488682746887207,-0.020174836739897728
E,Left,0.3722131848335266,0.6088389158248901,-2.7153507176080893e-07,0.42109477519989014,0.5978043079376221,-0.011356225237250328,0.4659959375858307,0.5238068699836731,-0.014843740500509739,0.4828338921070099,0.4448119103908539,-0.020627371966838837,0.4541451334953308,0.42158758640289307,-0.022853124886751175,0.4594600796699524,0.40891537070274353,0.005084365606307983,0.47314104437828064,0.32847583293914795,-0.015383174642920494,0.467495322227478,0.3828484117984772,-0.026510026305913925,0.46038877964019775,0.4249049723148346,-0.03002542071044445,0.43156009912490845,0.39346104860305786,0.0015102848410606384,0.44299137592315674,0.3136287033557892,-0.017952976748347282,0.43816155195236206,0.38967007398605347,-0.020264677703380585,0.4337756931781769,0.4231078624725342,-0.01558370515704155,0.4034768044948578,0.3888232707977295,-0.006270232144743204,0.4110114276409149,0.30528897047042847,-0.024291371926665306,0.4112814664840698,0.37639951705932617,-0.015680428594350815,0.4070698618888855,0.41555559635162354,-0.003886044956743717,0.3729071021080017,0.38926276564598083,-0.015955770388245583,0.379990816116333,0.3249973654747009,-0.025117965415120125,0.3857419192790985,0.3687264919281006,-0.017010122537612915,0.3854537904262543,0.4018428325653076,-0.007450970355421305
E,Right,0.7810407280921936,0.6212310194969177,-3.265261341311998e-07,0.744841456413269,0.5732275247573853,-0.019207116216421127,0.7212866544723511,0.48673561215400696,-0.02663375437259674,0.7295597195625305,0.4133806526660919,-0.03587231785058975,0.7604058980941772,0.3836003839969635,-0.04024762660264969,0.7198494672775269,0.3980535864830017,0.007118716835975647,0.7204574346542358,0.3078971207141876,-0.018581431359052658,0.7306491732597351,0.36604204773902893,-0.03476801887154579,0.7346217632293701,0.41037821769714355,-0.041327692568302155,0.7515876293182373,0.38608527183532715,0.006418679840862751,0.7520039081573486,0.2854853570461273,-0.017874499782919884,0.7601622343063354,0.358879953622818,-0.02664041332900524,0.7608857154846191,0.39751628041267395,-0.02579347975552082,0.7817162275314331,0.3897440433502197,-0.00010873129940591753,0.7851775884628296,0.3041527569293976,-0.02187476120889187,0.7861554622650146,0.3706620931625366,-0.019323771819472313,0.783445417881012,0.41636860370635986,-0.010602564550936222,0.8112404942512512,0.40608489513397217,-0.009232389740645885,0.814762532711029,0.33819764852523804,-0.017719272524118423,0.8108846545219421,0.3695383369922638,-0.012965223751962185,0.80576491355896,0.39939260482788086,-0.006466903258115053
E,Right,0.8375900983810425,0.5233823657035828,-1.9500114945003588e-07,0.8063166737556458,0.4668506383895874,-0.029809346422553062,0.7926232218742371,0.38258907198905945,-0.038254983723163605,0.8132625222206116,0.31720438599586487,-0.04546103999018669,0.8431861996650696,0.2842387855052948,-0.04712912440299988,0.7752357721328735,0.3043275773525238,0.0071539077907800674,0.7870171070098877,0.22659137845039368,-0.02047273889183998,0.8016998171806335,0.2782926559448242,-0.03918883204460144,0.8063613176345825,0.3130691647529602,-0.0477522648870945,0.8094136118888855,0.29514560103416443,0.012239450588822365,0.8181630373001099,0.20378804206848145,-0.017597459256649017,0.8303141593933105,0.27327144145965576,-0.03295142948627472,0.8298388123512268,0.3032309412956238,-0.03540675342082977,0.8401333689689636,0.29994434118270874,0.010126296430826187,0.8518813252449036,0.2302466630935669,-0.01843794248998165,0.8544809818267822,0.2935984134674072,-0.024300789460539818,0.8451817035675049,0.32523176074028015,-0.020042356103658676,0.8676928877830505,0.31634029746055603,0.0050860256887972355,0.878335177898407,0.27001261711120605,-0.010672314092516899,0.8735967874526978,0.30861347913742065,-0.012750006280839443,0.8604467511177063,0.3347952663898468,-0.010303640738129616
E,Right,0.7020383477210999,0.6930661201477051,-3.126046124179993e-07,0.6590377688407898,0.6502005457878113,-0.023825310170650482,0.6252204775810242,0.5638849139213562,-0.036685843020677567,0.6231340169906616,0.4764713644981384,-0.05167714133858681,0.6593953967094421,0.44290122389793396,-0.06236303225159645,0.6374382376670837,0.4469456672668457,0.00014211819507181644,0.6353418827056885,0.3459774851799011,-0.03244421258568764,0.6350448727607727,0.38937631249427795,-0.052599430084228516,0.6391277313232422,0.43600356578826904,-0.06113803759217262,0.6732165217399597,0.4371945261955261,-0.002471500774845481,0.6756613850593567,0.3222558796405792,-0.03460448235273361,0.6721498966217041,0.39572790265083313,-0.04483935609459877,0.6713841557502747,0.43958020210266113,-0.0429530031979084,0.707869827747345,0.4451078176498413,-0.011794292367994785,0.713882565498352,0.34450840950012207,-0.04064735770225525,0.7058635950088501,0.4132997691631317,-0.039065051823854446,0.7017619609832764,0.4639975130558014,-0.029143737629055977,0.7418234348297119,0.46829041838645935,-0.024173585698008537,0.7464752793312073,0.391935795545578,-0.03851369395852089,0.7354515194892883,0.42556053400039673,-0.03522135317325592,0.7288299202919006,0.4612378180027008,-0.028445497155189514
E,Right,0.6257550716400146,0.7147957682609558,-3.279451448179316e-07,0.5760775208473206,0.6860274076461792,-0.02285669930279255,0.5299946665763855,0.5904752612113953,-0.035657547414302826,0.5122089982032776,0.49652522802352905,-0.05193161591887474,0.548272430896759,0.46397531032562256,-0.06438329070806503,0.5383021831512451,0.46378573775291443,0.0028845525812357664,0.5281677842140198,0.3525993227958679,-0.03171975538134575,0.5228553414344788,0.3974152207374573,-0.053639303892850876,0.5303345918655396,0.44556206464767456,-0.06378024816513062,0.5748946070671082,0.4459664821624756,-0.003157639177516103,0.5698748826980591,0.3086325526237488,-0.03977755829691887,0.5625195503234863,0.3821108937263489,-0.05302410200238228,0.5669848918914795,0.4327845573425293,-0.05174446478486061,0.6112440824508667,0.4479753375053406,-0.01607406698167324,0.6072058081626892,0.3303059935569763,-0.04496287554502487,0.5985189080238342,0.4005698561668396,-0.04342779144644737,0.6015920042991638,0.4524138569831848,-0.033434223383665085,0.6488164067268372,0.46377700567245483,-0.03243348374962807,0.640753984451294,0.37767478823661804,-0.043761223554611206,0.6299029588699341,0.41849756240844727,-0.03897460177540779,0.6316642761230469,0.45903459191322327,-0.03202715888619423
E,Right,0.5995879769325256,0.4868229031562805,-1.8680030677842296e-07,0.554365336894989,0.4529687762260437,-0.01413410622626543,0.5172411799430847,0.3768123984336853,-0.019749054685235023,0.5019468665122986,0.29514145851135254,-0.029405398294329643,0.5271811485290527,0.2655892074108124,-0.03657181188464165,0.5211054086685181,0.2857251465320587,0.017943356186151505,0.5086258053779602,0.2096288800239563,-0.0022513370495289564,0.5052708387374878,0.22250638902187347,-0.017740238457918167,0.5118907690048218,0.24115926027297974,-0.025997404009103775,0.5482380986213684,0.26690787076950073,0.013054782524704933,0.5407602190971375,0.16686369478702545,-0.013204156421124935,0.5372966527938843,0.21802352368831635,-0.026027683168649673,0.544133186340332,0.25876230001449585,-0.02661018632352352,0.5756993293762207,0.26381468772888184,0.002930376213043928,0.5718044638633728,0.16954630613327026,-0.01824934035539627,0.5655558109283447,0.22589299082756042,-0.018466874957084656,0.5699043869972229,0.2731180191040039,-0.010747214779257774,0.6052643656730652,0.2715816795825958,-0.009759780019521713,0.5988020300865173,0.20035921037197113,-0.01727832667529583,0.58871990442276,0.23293372988700867,-0.01382775604724884,0.5886098146438599,0.27119916677474976,-0.008095301687717438
E,Right,0.6461061835289001,0.6817214488983154,-2.62564952890898e-07,0.6056922674179077,0.64976966381073,-0.014119281433522701,0.5734991431236267,0.5755643844604492,-0.021914120763540268,0.5650777816772461,0.5000393390655518,-0.033155739307403564,0.5931019186973572,0.47243547439575195,-0.041437745094299316,0.5833529829978943,0.48510316014289856,0.006985567044466734,0.5753515958786011,0.3967694342136383,-0.017305118963122368,0.5729303956031799,0.4294922351837158,-0.03268570080399513,0.5787879824638367,0.4659309983253479,-0.039522685110569,0.6106531620025635,0.47271716594696045,0.0016942268703132868,0.6078672409057617,0.3665609359741211,-0.02460969239473343,0.6034411787986755,0.42469337582588196,-0.03371216729283333,0.6067337989807129,0.4642142653465271,-0.03215216100215912,0.6379977464675903,0.47459539771080017,-0.008599485270678997,0.6372390389442444,0.3818255662918091,-0.028723904862999916,0.6302876472473145,0.4380558729171753,-0.025579335168004036,0.6317833065986633,0.4804004430770874,-0.016586562618613243,0.6664934754371643,0.48758774995803833,-0.021385233849287033,0.6630371809005737,0.41629940271377563,-0.027262045070528984,0.6543492078781128,0.4464503526687622,-0.021516993641853333,0.6547783017158508,0.47832778096199036,-0.014808189123868942
E,Right,0.7408695220947266,0.686570942401886,-2.470081881256192e-07,0.7091724872589111,0.6500818729400635,-0.014314147643744946,0.689155101776123,0.5747780799865723,-0.019002225250005722,0.6986711621284485,0.513308584690094,-0.025479961186647415,0.7251531481742859,0.4935120642185211,-0.028390774503350258,0.6905863881111145,0.505347728729248,0.007616507355123758,0.690447986125946,0.42616575956344604,-0.012919370085000992,0.6958380341529846,0.46628764271736145,-0.025787604972720146,0.6993550062179565,0.5017147064208984,-0.030934659764170647,0.7176094651222229,0.4969363808631897,0.0060222395695745945,0.718805193901062,0.4112904667854309,-0.014584703370928764,0.7233343720436096,0.4706679582595825,-0.021719470620155334,0.7243890762329102,0.5040785074234009,-0.02026490494608879,0.7428385019302368,0.5016233921051025,-0.0002813797036651522,0.7470949292182922,0.42568838596343994,-0.01789533905684948,0.74667888879776,0.4804231524467468,-0.015193000435829163,0.7445437908172607,0.5187811255455017,-0.007581465877592564,0.7671804428100586,0.5165845155715942,-0.008760434575378895,0.7711873054504395,0.4653566777706146,-0.016235405579209328,0.7672120332717896,0.49555712938308716,-0.012235976755619049,0.7639095187187195,0.5213519334793091,-0.006687909830361605
E,Right,0.8134447932243347,0.6866254210472107,-2.1922909354543663e-07,0.7844581007957458,0.6390173435211182,-0.013328165747225285,0.7749449610710144,0.5632358193397522,-0.017806289717555046,0.797620415687561,0.5095245838165283,-0.02388676255941391,0.8230792284011841,0.4899188280105591,-0.02649778127670288,0.7731371521949768,0.5026060938835144,0.006562709342688322,0.777985692024231,0.42660605907440186,-0.011912158690392971,0.7856656312942505,0.4683668911457062,-0.02382599748671055,0.7884817719459534,0.5039582252502441,-0.02854173071682453,0.7989712357521057,0.4963242709636688,0.005415413994342089,0.8039566874504089,0.4160969853401184,-0.012792742811143398,0.8105701804161072,0.4678764045238495,-0.021288186311721802,0.8113628029823303,0.5018290281295776,-0.02152630127966404,0.8231371641159058,0.5008906722068787,0.00010882990318350494,0.8294037580490112,0.43503299355506897,-0.015176992863416672,0.8309733271598816,0.48238539695739746,-0.014955736696720123,0.8282216787338257,0.5164607763290405,-0.009640287607908249,0.8456565141677856,0.5151379108428955,-0.007094153668731451,0.8510892987251282,0.46606045961380005,-0.013125735335052013,0.8483017683029175,0.491963267326355,-0.009827090427279472,0.8438149690628052,0.5163607001304626,-0.0050373016856610775
E,Right,0.8536507487297058,0.43485158681869507,-4.437983491811792e-08,0.8258475065231323,0.37751656770706177,-0.02163759432733059,0.8155566453933716,0.30349457263946533,-0.027280408889055252,0.8259598016738892,0.23954907059669495,-0.033051684498786926,0.8452240228652954,0.19740457832813263,-0.03554152697324753,0.8013365268707275,0.24418103694915771,0.01582856848835945,0.809307873249054,0.17086470127105713,-0.004683574195951223,0.8241453766822815,0.19131824374198914,-0.024188783019781113,0.8308255672454834,0.2259000539779663,-0.03387551009654999,0.8300905227661133,0.2389373928308487,0.019019659608602524,0.8371208906173706,0.1528417021036148,-0.0032715790439397097,0.8509946465492249,0.18901851773262024,-0.0248183012008667,0.8526758551597595,0.22428713738918304,-0.03397136181592941,0.8568131327629089,0.24541796743869781,0.016913872212171555,0.8679150938987732,0.17926804721355438,-0.00690856296569109,0.8728042244911194,0.22181187570095062,-0.02088405005633831,0.8658158183097839,0.2642092704772949,-0.023333918303251266,0.881131649017334,0.2610432505607605,0.013175475411117077,0.891740083694458,0.21119846403598785,-0.000947841617744416,0.891862154006958,0.23639635741710663,-0.005971196107566357,0.8826210498809814,0.2670902609825134,-0.0060750702396035194
E,Right,0.6809532046318054,0.8018701076507568,-5.091822572467208e-07,0.6226634979248047,0.7444139719009399,-0.03113112971186638,0.5749951601028442,0.6097691059112549,-0.04643629118800163,0.5645836591720581,0.48159512877464294,-0.06576240807771683,0.614641010761261,0.44300687313079834,-0.07894071936607361,0.5994102358818054,0.44570931792259216,0.004151575732976198,0.5946395397186279,0.30503296852111816,-0.03949059545993805,0.5860209465026855,0.371550053358078,-0.0651760920882225,0.5914372205734253,0.43656250834465027,-0.07572290301322937,0.6458730101585388,0.4337749779224396,-0.0002827071584761143,0.6484379172325134,0.27112317085266113,-0.04465077444911003,0.6370917558670044,0.3754308819770813,-0.056459732353687286,0.63960200548172,0.437401682138443,-0.05110924318432808,0.6920133829116821,0.44762542843818665,-0.014113213866949081,0.696772575378418,0.3002103567123413,-0.0527336485683918,0.6811048984527588,0.39608627557754517,-0.04792851209640503,0.6791359186172485,0.46766602993011475,-0.03179566189646721,0.7373472452163696,0.480623334646225,-0.03235151618719101,0.7399362921714783,0.36568525433540344,-0.05015428736805916,0.7218296527862549,0.40922510623931885,-0.04457146301865578,0.7167009115219116,0.46038818359375,-0.034288033843040466
E,Right,0.6418434977531433,0.5513766407966614,-2.977897963774012e-07,0.5800988078117371,0.48901307582855225,-0.019002776592969894,0.5292550325393677,0.38205254077911377,-0.027072638273239136,0.5082615613937378,0.26884400844573975,-0.04123916104435921,0.546593964099884,0.21795141696929932,-0.051130156964063644,0.5379210710525513,0.25393739342689514,0.03217262402176857,0.5225791931152344,0.14801058173179626,0.0025688838213682175,0.5199279189109802,0.18368759751319885,-0.018222860991954803,0.5303288102149963,0.2170802652835846,-0.02727656066417694,0.5751345157623291,0.23175334930419922,0.025966785848140717,0.5664834380149841,0.09166575968265533,-0.010321441106498241,0.5613731741905212,0.17377924919128418,-0.024911150336265564,0.5688852667808533,0.2292669415473938,-0.021302826702594757,0.6139458417892456,0.22971639037132263,0.01154507789760828,0.6067587733268738,0.10549338161945343,-0.018622878938913345,0.598713755607605,0.19111721217632294,-0.016829034313559532,0.6046614050865173,0.25449809432029724,-0.0026462357491254807,0.6556310653686523,0.24314241111278534,-0.006255305837839842,0.6454043388366699,0.14579646289348602,-0.014877961948513985,0.6330195069313049,0.192887544631958,-0.00737708481028676,0.6350974440574646,0.2410995066165924,0.00373286590911448
E,Right,0.5427494049072266,0.6527002453804016,-3.5352513805264607e-07,0.48002249002456665,0.6154723763465881,-0.019958432763814926,0.42766502499580383,0.5098353624343872,-0.0300498865544796,0.4024343490600586,0.3947087824344635,-0.04642072319984436,0.4359549880027771,0.36451756954193115,-0.059217873960733414,0.4429209232330322,0.372448205947876,0.0252983421087265,0.42564526200294495,0.26035451889038086,-0.005616910755634308,0.415970116853714,0.2939363420009613,-0.027454016730189323,0.42371076345443726,0.3374777138233185,-0.03765824809670448,0.47817596793174744,0.35274994373321533,0.01879567839205265,0.4646702706813812,0.21224048733711243,-0.017891226336359978,0.4555383324623108,0.2946182191371918,-0.034667763859033585,0.46483129262924194,0.3511315584182739,-0.03421293571591377,0.5136145949363708,0.35200053453445435,0.004488437436521053,0.5036237835884094,0.21601097285747528,-0.024135643616318703,0.489486426115036,0.29362303018569946,-0.02603990025818348,0.4948731064796448,0.3606563210487366,-0.016455499455332756,0.5531516075134277,0.3641628324985504,-0.013313514180481434,0.537158191204071,0.26557493209838867,-0.0228304211050272,0.5210844874382019,0.3061988353729248,-0.01992635801434517,0.5237714052200317,0.35792276263237,-0.013470789417624474
E,Right,0.5969425439834595,0.6382389664649963,-3.23886268915885e-07,0.5491675734519958,0.5911312699317932,-0.009906052611768246,0.510515570640564,0.49629664421081543,-0.014923112466931343,0.500120222568512,0.41654345393180847,-0.02499464340507984,0.5271417498588562,0.3991988003253937,-0.03165346756577492,0.5190849304199219,0.3998933434486389,0.015033140778541565,0.5100334286689758,0.29833370447158813,-0.010002384893596172,0.5060603022575378,0.34318971633911133,-0.02619321271777153,0.5115368366241455,0.38798874616622925,-0.03327349200844765,0.5498252511024475,0.38588809967041016,0.006372186820954084,0.5446599721908569,0.26155537366867065,-0.02115599811077118,0.5381371974945068,0.32506996393203735,-0.030596818774938583,0.5425922274589539,0.3719181418418884,-0.028369873762130737,0.5812352895736694,0.38867366313934326,-0.007598711643368006,0.5781886577606201,0.2758104205131531,-0.027373550459742546,0.5687949061393738,0.3362343907356262,-0.0236582700163126,0.570539653301239,0.3838481903076172,-0.014123857952654362,0.6137208342552185,0.40514466166496277,-0.02406763657927513,0.6087571382522583,0.3260311782360077,-0.027555188164114952,0.5967831611633301,0.3567923307418823,-0.02021086774766445,0.5964762568473816,0.39014360308647156,-0.012768212705850601
E,Right,0.6879298686981201,0.6225243210792542,-2.0239679088263074e-07,0.6434011459350586,0.582176148891449,-0.00868903286755085,0.6138854026794434,0.5189149379730225,-0.015820633620023727,0.6092221736907959,0.45445138216018677,-0.02659992128610611,0.6241276860237122,0.4153655171394348,-0.03555852547287941,0.6157904267311096,0.4254482388496399,0.0057460549287498,0.6050964593887329,0.3319850564002991,-0.015634264796972275,0.6063598990440369,0.3450838029384613,-0.031834594905376434,0.6111339926719666,0.38282883167266846,-0.03924469277262688,0.6440095901489258,0.4102037250995636,-0.0010265223681926727,0.6347338557243347,0.30676114559173584,-0.019956471398472786,0.6378819346427917,0.3411414623260498,-0.030534101650118828,0.6407478451728821,0.3800988495349884,-0.03353847190737724,0.6726282238960266,0.40820440649986267,-0.01140611246228218,0.6679648160934448,0.31140100955963135,-0.026968255639076233,0.6674039959907532,0.35181209444999695,-0.026281626895070076,0.6676671504974365,0.39661529660224915,-0.021973583847284317,0.7018109560012817,0.41983291506767273,-0.02355867438018322,0.7020626068115234,0.34572917222976685,-0.030587006360292435,0.6971991658210754,0.3697488605976105,-0.025924408808350563,0.6943647265434265,0.40499380230903625,-0.02071738801896572
E,Right,0.7121203541755676,0.5386914610862732,-1.9219729097130767e-07,0.6697696447372437,0.4953802824020386,-0.013050227425992489,0.6434707641601562,0.41348347067832947,-0.01708296500146389,0.644169807434082,0.3417286276817322,-0.023874685168266296,0.6587259769439697,0.29565584659576416,-0.028379006311297417,0.6459084749221802,0.32910165190696716,0.009541906416416168,0.6407102346420288,0.2461540400981903,-0.010919665917754173,0.6425891518592834,0.2536139190196991,-0.025989092886447906,0.6475281715393066,0.28213486075401306,-0.03265521302819252,0.6744892001152039,0.3162725269794464,0.005784201435744762,0.6707302331924438,0.214653879404068,-0.016749009490013123,0.6738706827163696,0.25849834084510803,-0.028951603919267654,0.6771014928817749,0.30351054668426514,-0.03064834512770176,0.7038006782531738,0.31881183385849,-0.0023188006598502398,0.7037304043769836,0.22849412262439728,-0.023340173065662384,0.7019871473312378,0.2748667001724243,-0.026961827650666237,0.7023420929908752,0.32501131296157837,-0.022781042382121086,0.7331191897392273,0.334000825881958,-0.012088640592992306,0.7343548536300659,0.26102888584136963,-0.02446826733648777,0.7285172343254089,0.28505855798721313,-0.02424457296729088,0.7250021696090698,0.32309389114379883,-0.020434053614735603
E,Right,0.779502809047699,0.551240861415863,-3.0707147402608825e-07,0.7427793145179749,0.5022016763687134,-0.010111206211149693,0.7196123600006104,0.4249858558177948,-0.013780883513391018,0.7243056297302246,0.36037519574165344,-0.020538683980703354,0.7458986043930054,0.3251378536224365,-0.024072468280792236,0.7213255763053894,0.34432733058929443,0.01098319236189127,0.7167664766311646,0.2530260980129242,-0.01008573267608881,0.7259679436683655,0.2935637831687927,-0.024726886302232742,0.730694591999054,0.3342795670032501,-0.03113757260143757,0.7502377033233643,0.33229830861091614,0.006149099208414555,0.7460741996765137,0.23229488730430603,-0.013905646279454231,0.7554007172584534,0.29245349764823914,-0.023325234651565552,0.7582666873931885,0.33292174339294434,-0.02427470125257969,0.7781090140342712,0.33610641956329346,-0.0029461607336997986,0.7790693640708923,0.2470274120569229,-0.020344464108347893,0.7818479537963867,0.304364949464798,-0.017828572541475296,0.7807151675224304,0.3491627275943756,-0.01095703337341547,0.8062236905097961,0.35409510135650635,-0.013786198571324348,0.8085072040557861,0.2885681390762329,-0.020572971552610397,0.8051105737686157,0.31971225142478943,-0.01480940543115139,0.8005808591842651,0.3505706191062927,-0.00848968792706728
E,Right,0.758227527141571,0.5031044483184814,-2.587036647128116e-07,0.7218683958053589,0.4600946307182312,-0.012978719547390938,0.6982802748680115,0.38026946783065796,-0.017179204151034355,0.7006386518478394,0.31792163848876953,-0.023288726806640625,0.7144165635108948,0.27459320425987244,-0.02612738125026226,0.693081796169281,0.2998448610305786,0.00495902867987752,0.6886032819747925,0.21043719351291656,-0.016928810626268387,0.7006908059120178,0.24037423729896545,-0.031284455209970474,0.7077062726020813,0.28165683150291443,-0.03677665442228317,0.7230789661407471,0.2845474183559418,0.0019394330447539687,0.7206213474273682,0.1867542564868927,-0.018714958801865578,0.7307773232460022,0.24064859747886658,-0.027341000735759735,0.7326637506484985,0.2834379971027374,-0.027221037074923515,0.7517305016517639,0.28786590695381165,-0.005400696769356728,0.7535897493362427,0.2044539600610733,-0.023984752595424652,0.7566936016082764,0.25738489627838135,-0.02249847538769245,0.754088282585144,0.30164188146591187,-0.015789182856678963,0.7789247035980225,0.3045904338359833,-0.014434399083256721,0.7812137007713318,0.24130713939666748,-0.02393907867372036,0.7797639966011047,0.2675567865371704,-0.019681664183735847,0.7755149602890015,0.2958885133266449,-0.01352368202060461
E,Right,0.7228775024414062,0.6421293616294861,-2.2646585762231553e-07,0.686952531337738,0.5962339639663696,-0.010406089015305042,0.6657717227935791,0.5268210768699646,-0.016592931002378464,0.664789617061615,0.46569180488586426,-0.026267029345035553,0.6760889887809753,0.4241880476474762,-0.03437148779630661,0.6735169291496277,0.43839386105537415,0.00432933121919632,0.6671240925788879,0.35494792461395264,-0.01825851947069168,0.665906548500061,0.36436957120895386,-0.0334535576403141,0.671023964881897,0.3993852138519287,-0.039438411593437195,0.6989209651947021,0.4299490451812744,-0.0015701872762292624,0.6964185237884521,0.3308480381965637,-0.025449199602007866,0.6959096193313599,0.3784179091453552,-0.03671840578317642,0.7012420892715454,0.42465725541114807,-0.03746026009321213,0.725659191608429,0.43526679277420044,-0.011269492097198963,0.7258628010749817,0.3445153534412384,-0.0324968546628952,0.7210866808891296,0.39030948281288147,-0.03511795401573181,0.7230016589164734,0.4385400414466858,-0.03018464706838131,0.7524294853210449,0.45324018597602844,-0.022352309897542,0.7551746964454651,0.3792719841003418,-0.034201521426439285,0.7473286390304565,0.39797812700271606,-0.03321320563554764,0.7446740865707397,0.4333578944206238,-0.028777262195944786
E,Right,0.6781697273254395,0.6960493326187134,-2.2858982617890433e-07,0.6360026001930237,0.6620669364929199,-0.008206305094063282,0.6036522388458252,0.5856876373291016,-0.013311111368238926,0.5979167222976685,0.5125148892402649,-0.022545745596289635,0.6246237754821777,0.4943509101867676,-0.029697192832827568,0.6145064830780029,0.4967847466468811,0.009617077186703682,0.606439471244812,0.41142264008522034,-0.010999878868460655,0.6048876643180847,0.43369778990745544,-0.025881044566631317,0.6094416379928589,0.4712667465209961,-0.03302522748708725,0.6414661407470703,0.4838171601295471,0.002303962130099535,0.6376906037330627,0.3824962377548218,-0.019608356058597565,0.6348726153373718,0.42553389072418213,-0.02948942966759205,0.6373704075813293,0.46922579407691956,-0.029919268563389778,0.6692321300506592,0.48519906401634216,-0.008970659226179123,0.6674594879150391,0.3952561318874359,-0.024483226239681244,0.663139283657074,0.43894121050834656,-0.023125076666474342,0.663381040096283,0.4818699061870575,-0.017025629058480263,0.697915256023407,0.498774915933609,-0.022317448630928993,0.6961474418640137,0.4302494525909424,-0.026628149673342705,0.6899628043174744,0.45109277963638306,-0.02221767045557499,0.6885836124420166,0.4811740219593048,-0.017122669145464897
E,Right,0.7927560210227966,0.662442684173584,-3.377332120635401e-07,0.7597315311431885,0.6110326647758484,-0.01632876880466938,0.7408682703971863,0.5211068987846375,-0.02088901773095131,0.7558686137199402,0.4546641409397125,-0.0275027547031641,0.7866544723510742,0.43179214000701904,-0.02937842160463333,0.7440731525421143,0.44407808780670166,0.010385783389210701,0.7486449480056763,0.3579776883125305,-0.013294924981892109,0.7550704479217529,0.4155482351779938,-0.027486423030495644,0.7566037774085999,0.45643600821495056,-0.03288291022181511,0.7748584151268005,0.4358188807964325,0.008977578021585941,0.7790341973304749,0.34057217836380005,-0.014372862875461578,0.7840253114700317,0.415716290473938,-0.022309785708785057,0.7839331030845642,0.451310396194458,-0.02064875327050686,0.8032421469688416,0.4424358606338501,0.0020041237585246563,0.8102695941925049,0.3610275685787201,-0.01816285401582718,0.8090704679489136,0.4259312152862549,-0.015278695151209831,0.8049812912940979,0.46622225642204285,-0.006632737349718809,0.8306313157081604,0.4611479341983795,-0.0073583428747951984,0.8370460867881775,0.3999597430229187,-0.01439855806529522,0.8319400548934937,0.43157851696014404,-0.009382755495607853,0.826221227645874,0.457295298576355,-0.0030356720089912415
